"Kod";"Nazwa";"ogółem;2003;[szt.]";"ogółem;2004;[szt.]";"ogółem;2005;[szt.]";"ogółem;2006;[szt.]";"ogółem;2007;[szt.]";"ogółem;2008;[szt.]";"ogółem;2009;[szt.]";"ogółem;2010;[szt.]";"ogółem;2011;[szt.]";"ogółem;2012;[szt.]";"ogółem;2013;[szt.]";"ogółem;2014;[szt.]";"ogółem;2015;[szt.]";"ogółem;2016;[szt.]";"ogółem;2017;[szt.]";"ogółem;2018;[szt.]";"ogółem;2019;[szt.]";"ogółem;2020;[szt.]";
0201000;"Powiat bolesławiecki";;;;;;;27547;30997;34438;36600;38586;40320;42236;44974;47026;49599;52158;54307;
0202000;"Powiat dzierżoniowski";;;;;;;40243;42366;44926;46812;48461;49924;51297;53340;54931;56864;59031;60740;
0203000;"Powiat głogowski";;;;;;;35092;36613;38430;39912;41677;42784;44216;45988;47007;48220;49753;51126;
0204000;"Powiat górowski";;;;;;;18205;19053;19995;20767;21248;21795;22244;22977;23559;24245;25004;25678;
0205000;"Powiat jaworski";;;;;;;22593;24082;25313;26639;27713;28799;29955;31452;32749;33995;35202;36137;
0206000;"Powiat karkonoski";;;;;;;25934;27424;29470;30863;32054;33139;34443;35932;37086;38717;40234;41318;
0207000;"Powiat kamiennogórski";;;;;;;16501;17325;18258;19012;19724;20365;21064;22056;22834;23788;24818;25592;
0208000;"Powiat kłodzki";;;;;;;71777;75362;79798;83277;86238;88635;91575;95233;98278;102119;106493;109934;
0209000;"Powiat legnicki";;;;;;;22047;23489;25483;26623;27904;29090;30366;32078;33245;34644;36373;37649;
0210000;"Powiat lubański";;;;;;;24945;26023;27507;28746;29987;30994;32001;33381;34373;35562;36996;38162;
0211000;"Powiat lubiński";;;;;;;41388;43683;46775;48806;51249;53203;54541;57583;60128;63155;66344;68589;
0212000;"Powiat lwówecki";;;;;;;18848;19936;21642;22743;23933;25109;26226;27817;29031;30505;32151;33432;
0213000;"Powiat milicki";;;;;;;18010;18669;19892;20681;21367;22097;22756;23689;24651;25771;26745;27552;
0214000;"Powiat oleśnicki";;;;;;;45855;48190;51308;53470;55378;57412;59587;62394;64573;66757;69318;71934;
0215000;"Powiat oławski";;;;;;;34191;35907;37642;39233;40782;42203;43672;45680;47599;49720;51604;53020;
0216000;"Powiat polkowicki";;;;;;;23332;24872;26563;27797;28975;30110;31213;32812;33969;35415;36799;38046;
0217000;"Powiat strzeliński";;;;;;;22672;23787;25337;26317;27285;28110;29037;30182;31170;32286;33509;34509;
0218000;"Powiat średzki";;;;;;;23964;25397;27208;28492;29769;31037;32407;34141;35683;37349;39269;40885;
0219000;"Powiat świdnicki";;;;;;;66506;71450;74736;77388;79380;81398;84109;87501;89988;92938;96395;99504;
0220000;"Powiat trzebnicki";;;;;;;38250;40318;42950;44896;47087;48845;50706;52943;55163;57210;59335;60866;
0221000;"Powiat wałbrzyski";;;;;;;67081;69715;73032;75191;68654;63256;59410;56724;54690;53539;54030;54756;
0222000;"Powiat wołowski";;;;;;;22043;23099;24690;25697;26699;27616;28487;29680;30588;31475;32400;33032;
0223000;"Powiat wrocławski";;;;;;;55182;58923;64103;67469;72590;77818;81115;86398;89450;94366;100453;105412;
0224000;"Powiat ząbkowicki";;;;;;;30781;32317;34504;36148;37569;38837;39918;41684;42932;44525;46084;47407;
0225000;"Powiat zgorzelecki";;;;;;;36543;38663;40741;42438;44241;46108;47886;50334;52375;54730;57238;59540;
0226000;"Powiat złotoryjski";;;;;;;18554;19680;20901;21903;22784;23726;24708;25994;27020;28114;29280;30320;
0261000;"Powiat m.Jelenia Góra";;;;;;;37194;38501;40423;41110;42091;42953;44044;45587;46764;48321;50265;51713;
0262000;"Powiat m.Legnica";;;;;;;37546;39514;41823;43353;44970;46279;47738;49831;51025;52684;54543;56289;
0264000;"Powiat m.Wrocław";;;;;;;303761;314061;331292;341172;352848;365058;381831;403063;420935;442005;459889;476466;
0265000;"Powiat m.Wałbrzych od 2013";;;;;;;;;;;8717;15866;21597;27196;31363;35342;37832;39416;
0401000;"Powiat aleksandrowski";;;;;;;22292;23706;24995;25881;26771;27637;28544;29820;30919;32083;33363;34497;
0402000;"Powiat brodnicki";;;;;;;34412;35970;37996;39379;40748;41987;43295;45337;47323;49172;51207;52894;
0403000;"Powiat bydgoski";;;;;;;46866;49829;53323;56115;58904;61362;64176;67393;70417;73791;77468;80731;
0404000;"Powiat chełmiński";;;;;;;19616;20624;21566;22304;23019;23744;24592;25712;26661;27886;29035;29960;
0405000;"Powiat golubsko-dobrzyński";;;;;;;21645;22822;24068;24957;25893;26606;27484;28755;30103;31284;32552;33532;
0406000;"Powiat grudziądzki";;;;;;;18364;19577;20619;21538;22561;23495;24420;25415;26438;27531;28723;30025;
0407000;"Powiat inowrocławski";;;;;;;62862;66501;69991;72884;75961;78636;81709;85169;88473;92311;96329;99478;
0408000;"Powiat lipnowski";;;;;;;29225;30741;32391;33599;35050;36250;37651;39499;41319;43262;45502;47126;
0409000;"Powiat mogileński";;;;;;;21779;22910;23860;24647;25433;26347;27284;28529;29671;30807;31857;32916;
0410000;"Powiat nakielski";;;;;;;35766;37641;39609;41132;42713;44100;45404;47379;48938;50779;52496;53954;
0411000;"Powiat radziejowski";;;;;;;20525;21630;22799;23545;24497;25337;26334;27510;28466;29547;30600;31069;
0412000;"Powiat rypiński";;;;;;;19355;20423;21510;22298;23217;24001;24707;25952;27141;28102;29245;30119;
0413000;"Powiat sępoleński";;;;;;;17853;18898;20429;21363;22397;23341;24295;25504;26535;27667;28693;29662;
0414000;"Powiat świecki";;;;;;;43183;45683;47850;49474;51197;52882;54505;56762;58568;60841;63191;65331;
0415000;"Powiat toruński";;;;;;;41445;44136;46614;48622;50564;52656;54691;57238;59718;62417;65432;68219;
0416000;"Powiat tucholski";;;;;;;21957;23134;24534;25642;26818;27947;29270;30978;32279;33811;35303;36366;
0417000;"Powiat wąbrzeski";;;;;;;15162;15974;17033;17745;18430;18995;19586;20466;21257;22118;22877;23347;
0418000;"Powiat włocławski";;;;;;;39612;42126;44524;46462;48362;49913;51868;54366;56558;58881;61408;63902;
0419000;"Powiat żniński";;;;;;;32391;34000;36051;37236;38427;39412;40517;42005;43361;44867;46499;47772;
0461000;"Powiat m.Bydgoszcz";;;;;;;163850;168398;171750;175615;179561;182640;188143;194402;200554;208691;215580;221193;
0462000;"Powiat m.Grudziądz";;;;;;;32955;34246;35298;35948;36796;37563;38494;39875;41124;42483;43724;44952;
0463000;"Powiat m.Toruń";;;;;;;79608;82612;85484;87518;89802;91973;95247;99307;103487;108108;112319;115404;
0464000;"Powiat m.Włocławek";;;;;;;42316;44252;45882;47242;48632;49688;51227;53310;54946;56866;58846;60041;
0601000;"Powiat bialski";;;;;;;48456;51869;55014;57829;60298;62356;64639;68212;71346;74416;77796;80624;
0602000;"Powiat biłgorajski";;;;;;;40993;42512;44535;45644;46888;48071;49665;51573;53139;54897;56866;58887;
0603000;"Powiat chełmski";;;;;;;31666;33495;35294;37102;39408;42338;45150;48591;51067;53805;55919;58204;
0604000;"Powiat hrubieszowski";;;;;;;23978;24852;26161;26961;27850;28640;29843;31910;33932;35210;35989;36923;
0605000;"Powiat janowski";;;;;;;15954;16760;17573;18069;18699;19268;20064;21044;21685;22373;23417;24130;
0606000;"Powiat krasnostawski";;;;;;;25449;26724;27855;28644;29636;30562;31747;33323;34649;36216;37723;38971;
0607000;"Powiat kraśnicki";;;;;;;40908;42555;44270;45467;46761;47835;49379;51345;52693;54250;55992;57884;
0608000;"Powiat lubartowski";;;;;;;33619;35756;38114;39615;41222;42596;44105;46271;48019;50192;52478;54295;
0609000;"Powiat lubelski";;;;;;;65432;69704;73897;77398;80981;84030;87760;92382;96669;101367;106229;110629;
0610000;"Powiat łęczyński";;;;;;;25345;27135;28642;30133;31421;32473;33436;34764;36349;38149;39927;41350;
0611000;"Powiat łukowski";;;;;;;42883;45462;47408;48881;50406;52038;53909;56643;58913;61412;63892;66279;
0612000;"Powiat opolski";;;;;;;25821;27215;29069;30098;31391;32437;33526;34933;36183;37275;38554;40158;
0613000;"Powiat parczewski";;;;;;;15898;16856;17735;18462;19105;19708;20383;21437;22321;23249;24272;25215;
0614000;"Powiat puławski";;;;;;;46718;49155;51484;53107;54517;55907;57652;60275;62641;64784;67130;68962;
0615000;"Powiat radzyński";;;;;;;25601;27261;29262;30221;31232;32128;33272;34848;36125;37636;39181;40434;
0616000;"Powiat rycki";;;;;;;26811;28199;29858;30825;31841;32698;33787;35122;36266;37670;39018;40053;
0617000;"Powiat świdnicki";;;;;;;31215;32512;34013;35264;36333;37396;38609;40244;41907;43656;45327;46838;
0618000;"Powiat tomaszowski";;;;;;;34062;35454;37423;38761;39924;41232;42703;44724;46283;47844;49396;50865;
0619000;"Powiat włodawski";;;;;;;18467;19488;20031;21332;22281;23077;23800;24996;26056;27269;28572;29773;
0620000;"Powiat zamojski";;;;;;;38541;40550;42683;44259;46294;48923;51901;55731;58708;60977;63305;65370;
0661000;"Powiat m.Biała Podlaska";;;;;;;23800;25067;26506;27650;28632;29616;30588;32027;33496;34925;36103;37284;
0662000;"Powiat m.Chełm";;;;;;;25826;26966;27756;28454;29289;30548;31787;33974;36040;37555;37874;39034;
0663000;"Powiat m.Lublin";;;;;;;129609;135325;142819;147779;153551;158361;164618;172128;180399;189281;196347;202919;
0664000;"Powiat m.Zamość";;;;;;;23798;24755;25853;26262;26958;27632;28362;29613;30621;31857;32744;33813;
0801000;"Powiat gorzowski";;;;;;;31426;33270;35678;37323;38955;40661;42406;44832;46845;49125;51428;53448;
0802000;"Powiat krośnieński";;;;;;;27009;28238;30111;31357;32515;33525;34586;36592;37883;39374;41040;42368;
0803000;"Powiat międzyrzecki";;;;;;;27707;28746;30263;31213;32200;33219;34200;35664;36807;37883;39459;40476;
0804000;"Powiat nowosolski";;;;;;;33945;35518;37561;39148;40823;42283;43733;45987;47919;49920;52013;53863;
0805000;"Powiat słubicki";;;;;;;20217;21100;22211;23118;23960;24772;25890;27750;28503;29872;31442;32388;
0806000;"Powiat strzelecko-drezdenecki";;;;;;;25650;26605;28122;29194;30161;30941;31961;33551;34289;35675;37035;38197;
0807000;"Powiat sulęciński";;;;;;;16236;17240;18377;19113;19984;20725;21302;22321;23393;24552;25713;26400;
0808000;"Powiat świebodziński";;;;;;;24379;25673;27243;28343;29463;30386;31275;32754;34280;35890;37600;38633;
0809000;"Powiat zielonogórski";;;;;;;42300;44533;47553;49871;52309;54191;54247;54997;55726;57322;59006;60288;
0810000;"Powiat żagański";;;;;;;35360;37169;39938;41737;43548;45085;46769;49212;50916;52857;54995;56711;
0811000;"Powiat żarski";;;;;;;46921;49345;52665;55174;57421;59024;60774;63500;65481;67862;70489;72939;
0812000;"Powiat wschowski";;;;;;;17132;17999;18916;19689;20277;20911;21582;22686;23338;24065;24989;25708;
0861000;"Powiat m.Gorzów Wielkopolski";;;;;;;49825;52218;55039;56783;59518;62188;63792;66878;69369;72963;76428;79839;
0862000;"Powiat m.Zielona Góra";;;;;;;50553;52022;54609;56359;58269;60251;65194;70298;75175;80335;85105;88115;
1001000;"Powiat bełchatowski";;;;;;;49289;52268;55365;57491;59551;61656;63808;66562;68553;71067;73689;76061;
1002000;"Powiat kutnowski";;;;;;;48007;49843;52134;53661;55149;56490;58142;60130;61865;63980;66256;68581;
1003000;"Powiat łaski";;;;;;;26519;27704;29108;30134;30994;31624;32561;33997;35187;36422;37733;38850;
1004000;"Powiat łęczycki";;;;;;;25041;26377;28032;29059;30049;30947;31854;33164;34221;35426;36999;38163;
1005000;"Powiat łowicki";;;;;;;37871;39455;41242;42208;43300;44398;45547;47250;48737;50232;52009;53384;
1006000;"Powiat łódzki wschodni";;;;;;;33055;35184;37531;39128;40810;42420;44310;46280;47955;50149;52327;54160;
1007000;"Powiat opoczyński";;;;;;;31454;33051;34970;36086;37113;38221;39452;41221;42288;43624;45103;46239;
1008000;"Powiat pabianicki";;;;;;;52058;54630;57788;60037;62248;64682;67251;70592;73419;75324;77771;79724;
1009000;"Powiat pajęczański";;;;;;;23165;24314;25450;26239;27058;27917;28812;30183;31040;32048;33053;34118;
1010000;"Powiat piotrkowski";;;;;;;38240;40453;42838;44139;45720;47322;49294;51821;53323;55560;58041;59861;
1011000;"Powiat poddębicki";;;;;;;21200;21958;22791;23106;23666;24199;24938;26085;26907;27707;29013;30061;
1012000;"Powiat radomszczański";;;;;;;48054;50685;53299;55142;57274;59216;61374;64404;66340;68777;71423;74165;
1013000;"Powiat rawski";;;;;;;23201;24206;25353;26388;27163;27733;28739;29880;31073;32139;33476;34659;
1014000;"Powiat sieradzki";;;;;;;56583;59015;61813;63479;65511;67589;70213;73710;76286;79296;82624;85843;
1015000;"Powiat skierniewicki";;;;;;;17994;18893;20026;20702;21479;22089;22831;23879;24845;25611;26630;27707;
1016000;"Powiat tomaszowski";;;;;;;50039;52268;54825;56718;58663;60425;62631;65382;67051;69343;71933;74266;
1017000;"Powiat wieluński";;;;;;;34030;35689;37274;38488;40007;41345;43047;44995;46643;48179;49993;51675;
1018000;"Powiat wieruszowski";;;;;;;21541;22140;23213;24197;25299;26150;27006;28271;29252;30247;31289;32256;
1019000;"Powiat zduńskowolski";;;;;;;31650;32674;34324;34912;35814;36781;37973;39709;41165;42793;44229;45161;
1020000;"Powiat zgierski";;;;;;;69227;72783;77558;79989;82539;84864;87549;90977;94130;97501;101823;105286;
1021000;"Powiat brzeziński";;;;;;;15184;15782;16646;17110;17734;18267;18842;19699;20445;21256;22266;23098;
1061000;"Powiat m.Łódź";;;;;;;286926;298119;314420;321941;331618;341170;351870;365931;380267;396349;411606;419766;
1062000;"Powiat m.Piotrków Trybunalski";;;;;;;30821;32001;33226;33694;34451;35249;36335;37900;39050;40444;42253;44011;
1063000;"Powiat m.Skierniewice";;;;;;;19654;20493;21673;22154;22671;23286;23935;24910;25644;26430;27287;28099;
1201000;"Powiat bocheński";;;;;;;40218;42068;44161;45692;47101;48728;50588;53255;55367;57774;60307;62405;
1202000;"Powiat brzeski";;;;;;;36048;38008;40219;41750;43047;44425;46127;48371;50023;52019;54121;55906;
1203000;"Powiat chrzanowski";;;;;;;54456;57172;60017;61857;63813;65310;67401;69959;71870;74023;76364;77916;
1204000;"Powiat dąbrowski";;;;;;;24247;25625;26736;27611;28428;29074;29985;31386;32334;33401;34651;35773;
1205000;"Powiat gorlicki";;;;;;;40588;42415;44942;46043;47143;48211;49844;52020;53745;55733;57966;59820;
1206000;"Powiat krakowski";;;;;;;127512;133349;140960;145628;150496;154738;160234;166493;172887;178958;186371;192187;
1207000;"Powiat limanowski";;;;;;;52831;54859;57825;59523;61213;62602;64959;67952;70467;73142;76188;78722;
1208000;"Powiat miechowski";;;;;;;22076;23204;24541;25327;26146;26854;27651;28747;29731;30866;32104;33144;
1209000;"Powiat myślenicki";;;;;;;53956;56656;59965;61888;63779;65798;68486;71385;74167;77085;80279;82793;
1210000;"Powiat nowosądecki";;;;;;;66032;69380;67059;76219;78379;81175;84594;89579;93038;96769;101599;105510;
1211000;"Powiat nowotarski";;;;;;;58161;61216;64667;66391;68266;70275;72932;76586;79816;83449;87227;90921;
1212000;"Powiat olkuski";;;;;;;48639;51365;54240;56350;58507;60565;62485;64862;66269;68348;70862;72807;
1213000;"Powiat oświęcimski";;;;;;;67451;70379;73539;75520;77664;79746;82357;85327;87719;90570;93488;95637;
1214000;"Powiat proszowicki";;;;;;;21239;22433;23781;24539;25306;26016;26782;27804;28766;29804;30997;32025;
1215000;"Powiat suski";;;;;;;31105;32869;34984;36283;37527;38899;40466;42381;43841;45757;47685;49138;
1216000;"Powiat tarnowski";;;;;;;77300;82067;86980;90367;93629;96948;100456;105073;109126;113940;119328;122834;
1217000;"Powiat tatrzański";;;;;;;22306;23283;24191;24760;25379;26289;26922;28241;31471;32672;34128;35195;
1218000;"Powiat wadowicki";;;;;;;63025;66911;71497;74369;77506;80245;83340;87600;91072;94888;98784;101839;
1219000;"Powiat wielicki";;;;;;;55201;57810;60993;63045;65286;67071;69674;72740;75819;79160;82635;85971;
1261000;"Powiat m.Kraków";;;;;;;340884;353540;368644;381589;395607;406925;424026;448004;468657;493021;514063;531209;
1262000;"Powiat m.Nowy Sącz";;;;;;;30337;31435;32923;33725;34449;35347;36851;38778;40642;43007;45026;47247;
1263000;"Powiat m.Tarnów";;;;;;;41382;42929;44686;45836;46990;48157;49512;51459;53033;55101;56643;58445;
1401000;"Powiat białobrzeski";;;;;;;18189;19355;20127;20971;21612;22028;22616;23365;24180;25012;25947;26729;
1402000;"Powiat ciechanowski";;;;;;;37841;40976;43765;45940;47684;49377;51052;53309;55341;57510;59995;61850;
1403000;"Powiat garwoliński";;;;;;;46096;48875;52207;54260;56500;58654;61035;64273;67117;70368;73523;76350;
1404000;"Powiat gostyniński";;;;;;;24750;25786;27082;27826;28662;29378;30226;31328;32330;33404;34785;35914;
1405000;"Powiat grodziski";;;;;;;39902;42246;44496;45941;47786;49404;51259;53891;58812;63095;67716;71184;
1406000;"Powiat grójecki";;;;;;;56888;59611;61717;63577;65344;66349;68133;70389;72814;75207;78931;80884;
1407000;"Powiat kozienicki";;;;;;;30766;32000;33240;34108;34968;35579;36628;38014;39224;40521;41723;42693;
1408000;"Powiat legionowski";;;;;;;42702;45071;48671;51075;53385;55896;57978;63489;69597;75719;81238;85828;
1409000;"Powiat lipski";;;;;;;18210;18919;19741;20284;20664;20984;21544;22365;22920;23630;24532;25158;
1410000;"Powiat łosicki";;;;;;;15700;16548;17421;18111;18798;19290;20021;20978;21679;22565;23589;24503;
1411000;"Powiat makowski";;;;;;;22677;24109;25161;26092;26951;27649;28545;29855;30933;32127;33790;34991;
1412000;"Powiat miński";;;;;;;59945;63150;67200;69514;71844;74356;77400;81435;85018;88578;92620;95351;
1413000;"Powiat mławski";;;;;;;32357;34138;35438;37713;39216;40506;42121;43988;45692;47564;49600;51561;
1414000;"Powiat nowodworski";;;;;;;40500;42046;44494;45974;47480;49107;51062;54296;57575;60775;64244;66521;
1415000;"Powiat ostrołęcki";;;;;;;40622;37937;40690;42204;43754;45341;47182;49698;51690;54095;56674;58733;
1416000;"Powiat ostrowski";;;;;;;32342;34254;35797;36886;37985;38832;39895;41460;43043;44594;46232;47861;
1417000;"Powiat otwocki";;;;;;;51290;54120;57793;59912;61923;63890;66336;69434;71958;75125;78406;81602;
1418000;"Powiat piaseczyński";;;;;;;66770;72246;74977;80299;83943;87898;92138;97282;102700;108530;114682;119348;
1419000;"Powiat płocki";;;;;;;62476;66724;68466;73630;76381;78406;81167;84275;87390;90831;94883;98272;
1420000;"Powiat płoński";;;;;;;42452;44850;46601;48668;50476;52240;53964;56041;58127;60237;62809;64837;
1421000;"Powiat pruszkowski";;;;;;;71436;75577;80767;83832;87053;90056;93463;97715;102732;107424;113875;118869;
1422000;"Powiat przasnyski";;;;;;;23753;25256;26583;27856;29108;30204;31300;32714;33972;35396;37002;38455;
1423000;"Powiat przysuski";;;;;;;22080;22937;23919;24553;25090;25463;26125;26936;27723;28741;29679;30542;
1424000;"Powiat pułtuski";;;;;;;22906;24721;26576;27893;29026;30190;31488;33151;34814;36316;38198;39738;
1425000;"Powiat radomski";;;;;;;60245;63248;65563;67796;69842;71899;74724;78683;82220;85776;89883;93267;
1426000;"Powiat siedlecki";;;;;;;35451;37142;38459;39813;41024;41989;43396;45625;47305;49014;50969;53137;
1427000;"Powiat sierpecki";;;;;;;35231;36472;36886;38404;39230;39348;40284;41234;42354;43568;44901;46138;
1428000;"Powiat sochaczewski";;;;;;;43842;45791;48207;49514;50910;52123;54012;55880;57916;60254;62964;65458;
1429000;"Powiat sokołowski";;;;;;;25958;27058;27723;28348;29008;29621;30553;31837;32910;33926;35014;35832;
1430000;"Powiat szydłowiecki";;;;;;;17719;18402;18975;19688;20241;20625;21151;22135;22768;23685;24723;25547;
1432000;"Powiat warszawski zachodni";;;;;;;54785;57452;63332;67042;70739;74468;78335;83110;87968;93711;97746;104930;
1433000;"Powiat węgrowski";;;;;;;30083;31530;32496;33331;34320;35337;36295;37928;39241;40708;42534;43972;
1434000;"Powiat wołomiński";;;;;;;88593;94010;100143;104096;108789;113072;118691;124889;130160;136796;143955;150698;
1435000;"Powiat wyszkowski";;;;;;;31048;32683;34087;35080;36208;37399;38893;40851;42667;44519;46600;48449;
1436000;"Powiat zwoleński";;;;;;;18757;19644;20284;20805;21338;21813;22504;23450;24351;25217;25962;26598;
1437000;"Powiat żuromiński";;;;;;;17422;18486;19420;20537;21125;21678;22367;23301;24232;24943;25714;26275;
1438000;"Powiat żyrardowski";;;;;;;41186;43187;45343;46698;48042;49160;50606;52085;53880;55939;58567;60854;
1461000;"Powiat m.Ostrołęka";;;;;;;18451;19395;20155;20608;21129;21753;22640;23833;24761;25882;26946;27852;
1462000;"Powiat m.Płock";;;;;;;57161;59213;61590;64313;66531;68188;70082;72191;74800;78203;81068;83269;
1463000;"Powiat m.Radom";;;;;;;79620;82243;85674;87798;90256;92701;96180;101216;105136;109301;113098;116554;
1464000;"Powiat m.Siedlce";;;;;;;29245;30511;31708;32781;33755;34776;35845;37787;39640;41723;43677;45642;
1465000;"Powiat m. st. Warszawa";;;;;;;914524;931495;964927;995083;1031161;1075500;1131120;1194068;1261803;1332923;1393218;1425475;
1601000;"Powiat brzeski";;;;;;;44117;46162;48746;50316;51791;52927;54542;56507;58229;60191;62267;64095;
1602000;"Powiat głubczycki";;;;;;;25181;26181;27109;27603;28148;28419;28935;29602;30221;31012;31883;32493;
1603000;"Powiat kędzierzyńsko-kozielski";;;;;;;41628;43404;45666;46958;48033;49035;50165;51797;53183;54755;56337;57712;
1604000;"Powiat kluczborski";;;;;;;30119;31494;33114;34232;35261;36048;37057;38305;39338;40475;41734;42782;
1605000;"Powiat krapkowicki";;;;;;;29013;30346;32052;33167;34388;35382;36640;37860;38674;39830;41286;42369;
1606000;"Powiat namysłowski";;;;;;;21257;22122;23467;24289;24889;25555;26275;27479;28312;29400;30699;31808;
1607000;"Powiat nyski";;;;;;;63853;66715;70587;73245;75664;77578;79853;82883;85515;88421;91828;94413;
1608000;"Powiat oleski";;;;;;;34607;36097;37631;38443;38944;39579;40482;41705;42578;43602;44737;45728;
1609000;"Powiat opolski";;;;;;;65875;69199;73048;75770;78276;80109;82803;85977;85414;87475;89724;91403;
1610000;"Powiat prudnicki";;;;;;;25911;27145;28455;29120;29800;30422;31338;32525;33375;34306;35354;36094;
1611000;"Powiat strzelecki";;;;;;;32103;33501;35327;36382;37437;38062;39065;40380;41348;42541;43885;45073;
1661000;"Powiat m.Opole";;;;;;;58384;61003;64395;66954;69545;71894;74322;77610;83381;88156;92768;96896;
1801000;"Powiat bieszczadzki";;;;;;;11614;12149;12953;13688;14449;14972;15439;16069;16646;17304;17615;17976;
1802000;"Powiat brzozowski";;;;;;;24040;25141;26409;27020;27572;28288;29310;30747;31821;33019;34278;35327;
1803000;"Powiat dębicki";;;;;;;51777;54558;57396;59643;61559;63670;66004;69205;72092;75012;78041;80804;
1804000;"Powiat jarosławski";;;;;;;43585;46049;50312;53516;57149;61488;66185;72384;78869;82378;81606;83690;
1805000;"Powiat jasielski";;;;;;;54265;56309;58891;59938;60907;61835;63312;65730;67452;69451;71832;73532;
1806000;"Powiat kolbuszowski";;;;;;;25284;26400;27708;28608;29451;30439;31438;32786;33898;35074;36530;37602;
1807000;"Powiat krośnieński";;;;;;;41831;44305;46390;47535;48771;50019;51828;54229;56008;57934;60431;62602;
1808000;"Powiat leżajski";;;;;;;23022;24029;25175;25685;26346;27142;28168;29425;30479;31588;32969;34127;
1809000;"Powiat lubaczowski";;;;;;;18986;20248;22696;23210;23871;24609;25421;26592;27504;28489;29356;30035;
1810000;"Powiat łańcucki";;;;;;;29957;31274;32690;33496;34569;35801;37373;39378;40946;42454;44298;45716;
1811000;"Powiat mielecki";;;;;;;51955;54063;56833;58747;60504;62345;64487;67142;69600;71999;74544;77018;
1812000;"Powiat niżański";;;;;;;22590;23562;24726;25270;26164;27287;28943;30077;30992;32026;33191;34263;
1813000;"Powiat przemyski";;;;;;;27630;28797;30710;31874;33411;34781;36435;38703;42585;45126;45691;46959;
1814000;"Powiat przeworski";;;;;;;27214;28252;30382;31602;32832;33925;35342;37324;39327;41368;42381;43621;
1815000;"Powiat ropczycko-sędziszowski";;;;;;;26898;28177;29530;30527;31547;32614;34061;35825;37175;38747;40480;41653;
1816000;"Powiat rzeszowski";;;;;;;63159;64905;68637;70653;73186;75721;79214;83577;87065;91554;95438;98917;
1817000;"Powiat sanocki";;;;;;;33401;35061;37501;38499;39725;41187;42679;44882;46547;48307;49836;51362;
1818000;"Powiat stalowowolski";;;;;;;37802;39110;40924;41907;42962;44246;45703;47498;49164;50666;52581;54213;
1819000;"Powiat strzyżowski";;;;;;;25352;26553;27514;28286;29085;29930;31030;32449;33613;34861;36315;37399;
1820000;"Powiat tarnobrzeski";;;;;;;21141;22391;23302;23864;24422;24886;25639;26611;27351;28307;29332;30388;
1821000;"Powiat leski";;;;;;;13382;13916;14535;14937;15361;15814;16382;17020;17677;18277;18779;19390;
1861000;"Powiat m.Krosno";;;;;;;18891;19535;20399;20819;21323;21755;22327;23142;23799;24642;25522;26521;
1862000;"Powiat m.Przemyśl";;;;;;;24626;25290;27475;29590;31550;33392;35693;40155;47142;51345;49324;50516;
1863000;"Powiat m.Rzeszów";;;;;;;67041;71742;75481;79031;82708;86437;90973;96672;103057;108750;115084;119188;
1864000;"Powiat m.Tarnobrzeg";;;;;;;18434;19370;19923;20119;20486;20860;21362;22059;22587;23198;23830;24449;
2001000;"Powiat augustowski";;;;;;;22208;23144;24160;24764;25456;26201;26974;28309;29296;30330;31436;32283;
2002000;"Powiat białostocki";;;;;;;54224;56887;59837;61988;64289;66497;69349;72614;75753;79482;83901;87326;
2003000;"Powiat bielski";;;;;;;24821;26025;27311;28144;28935;29772;30765;32133;33244;34428;35788;36850;
2004000;"Powiat grajewski";;;;;;;18024;18727;19267;19713;20175;20450;20881;21650;22132;22897;23817;24432;
2005000;"Powiat hajnowski";;;;;;;18690;19429;20098;20554;20987;21598;22379;23139;23893;24627;25460;26166;
2006000;"Powiat kolneński";;;;;;;15237;15730;16664;17082;17550;17961;18477;19312;19895;20697;21469;22228;
2007000;"Powiat łomżyński";;;;;;;22205;23270;24635;25424;26101;26836;27745;28967;29854;30935;32067;32971;
2008000;"Powiat moniecki";;;;;;;15305;15898;16580;16848;17332;17822;18279;19006;19614;20391;21151;21952;
2009000;"Powiat sejneński";;;;;;;10043;10456;10841;11031;11218;11483;11741;12275;12514;12871;13440;13838;
2010000;"Powiat siemiatycki";;;;;;;19939;20878;21806;22411;22950;23520;24258;25228;26055;26875;27806;28580;
2011000;"Powiat sokólski";;;;;;;28064;29231;30767;31715;32474;33211;34049;35411;36550;37642;39118;40260;
2012000;"Powiat suwalski";;;;;;;17705;18386;19129;19453;19874;20304;20939;21705;22364;23097;24096;24899;
2013000;"Powiat wysokomazowiecki";;;;;;;26623;27759;28865;29699;30409;31184;32023;33333;34367;35566;36674;37790;
2014000;"Powiat zambrowski";;;;;;;16964;17680;18534;18859;19285;19743;20406;21298;21993;22871;23747;24406;
2061000;"Powiat m.Białystok";;;;;;;92271;96169;101678;104619;107848;111480;116510;122421;127969;134603;141047;145890;
2062000;"Powiat m.Łomża";;;;;;;22237;23188;24250;24711;25205;25853;26634;27602;28554;29443;30212;30876;
2063000;"Powiat m.Suwałki";;;;;;;25549;26535;27362;27899;28424;29173;30110;31334;32366;33732;34916;36064;
2201000;"Powiat bytowski";;;;;;;33943;35972;38369;40407;42134;43816;45359;47564;49261;51046;53232;54901;
2202000;"Powiat chojnicki";;;;;;;37724;40016;42652;44610;46693;48812;50709;53444;55653;58315;61085;63967;
2203000;"Powiat człuchowski";;;;;;;23971;25113;26576;27616;29102;30150;31029;32361;33177;34360;35496;36468;
2204000;"Powiat gdański";;;;;;;46564;49327;52611;55491;58099;60714;64314;68284;71415;75127;79406;82595;
2205000;"Powiat kartuski";;;;;;;56694;60284;64529;67190;70304;73557;76996;80953;83959;87427;91623;95392;
2206000;"Powiat kościerski";;;;;;;30013;31956;34084;35610;37177;38927;40564;42881;44386;46090;48184;50108;
2207000;"Powiat kwidzyński";;;;;;;35379;37014;38559;40250;41740;42891;44436;46535;48343;50229;52384;54288;
2208000;"Powiat lęborski";;;;;;;25287;26795;28462;29750;31039;32258;33719;35377;36680;38116;39776;41433;
2209000;"Powiat malborski";;;;;;;25806;26951;28337;29511;30720;31672;32593;33726;34836;36096;37440;38503;
2210000;"Powiat nowodworski";;;;;;;14451;15255;16331;17220;18014;18798;19538;20487;21172;22093;22977;23768;
2211000;"Powiat pucki";;;;;;;33340;35041;37177;38767;40432;41846;43597;45511;47276;49164;51530;53462;
2212000;"Powiat słupski";;;;;;;35346;38002;40936;43137;45312;47626;50093;53126;55819;58658;61910;64519;
2213000;"Powiat starogardzki";;;;;;;48136;50666;53553;55781;58289;60593;63393;66812;69668;72753;75958;79042;
2214000;"Powiat tczewski";;;;;;;50625;52520;54271;56456;57919;59236;61036;62977;64496;66438;68650;70461;
2215000;"Powiat wejherowski";;;;;;;69370;75021;80646;84853;88779;92482;97511;103070;106788;111427;116824;121357;
2216000;"Powiat sztumski";;;;;;;18451;19334;20539;21327;22016;22849;23671;24654;25463;26496;27528;28371;
2261000;"Powiat m.Gdańsk";;;;;;;212639;218911;228669;234164;241608;250545;255176;265308;275418;288384;301243;311783;
2262000;"Powiat m.Gdynia";;;;;;;109153;111966;117153;120321;124687;129014;134218;140108;143918;148242;153241;156545;
2263000;"Powiat m.Słupsk";;;;;;;34518;35924;37686;38772;40154;41530;43035;44881;46292;48118;49765;51238;
2264000;"Powiat m.Sopot";;;;;;;24666;25054;25337;26017;26629;26490;26904;26989;26767;26917;27229;27914;
2401000;"Powiat będziński";;;;;;;65916;69405;72624;74840;77057;78610;80643;83331;85429;87816;90690;92961;
2402000;"Powiat bielski";;;;;;;71226;75196;79727;82023;84804;87231;90219;94017;96919;100236;103868;106432;
2403000;"Powiat cieszyński";;;;;;;79690;83595;87957;90222;92507;94707;97231;101182;104002;107541;111506;114456;
2404000;"Powiat częstochowski";;;;;;;63713;66715;70355;72613;74665;76598;79043;82211;84780;87364;90655;92665;
2405000;"Powiat gliwicki";;;;;;;48521;51191;54283;56631;58728;60757;62231;64509;66406;68540;70620;72134;
2406000;"Powiat kłobucki";;;;;;;45981;48459;50999;52321;53672;55000;56371;58061;59430;60824;62870;64426;
2407000;"Powiat lubliniecki";;;;;;;36631;38062;39804;40655;41570;42595;43640;44943;45848;46956;48423;49593;
2408000;"Powiat mikołowski";;;;;;;40888;43283;45999;47787;49476;50913;52579;54704;56575;58630;60628;62263;
2409000;"Powiat myszkowski";;;;;;;39405;41110;43338;44570;45855;46144;47277;48548;49755;51027;52771;54221;
2410000;"Powiat pszczyński";;;;;;;49727;51963;54764;56513;58084;59659;61386;63244;65354;67474;69722;70803;
2411000;"Powiat raciborski";;;;;;;41926;43970;46750;47930;49042;50094;51318;53204;54442;56087;57621;58700;
2412000;"Powiat rybnicki";;;;;;;34319;36409;38746;40245;41289;42302;43426;44746;45807;47321;48905;49544;
2413000;"Powiat tarnogórski";;;;;;;52576;55522;58827;60676;62716;64709;67344;70434;73369;76534;79695;81908;
2414000;"Powiat bieruńsko-lędziński";;;;;;;24747;26056;27553;28525;29486;30355;31343;32565;33629;34912;36169;36990;
2415000;"Powiat wodzisławski";;;;;;;70242;73573;77020;78805;80702;82236;84118;86589;88293;90764;93473;96070;
2416000;"Powiat zawierciański";;;;;;;44429;47161;49577;51373;52759;54288;55947;58354;65079;66884;69184;71274;
2417000;"Powiat żywiecki";;;;;;;58519;61601;65688;67521;69608;71381;73569;76906;79932;82301;85735;88204;
2461000;"Powiat m.Bielsko-Biała";;;;;;;76905;79502;83300;85527;88511;91094;95805;101444;106207;111466;116272;119731;
2462000;"Powiat m.Bytom";;;;;;;62164;65107;67493;68993;70755;71999;73572;75619;77572;79480;81605;83348;
2463000;"Powiat m.Chorzów";;;;;;;36290;38012;40201;41558;43052;44049;45222;46776;47652;48710;50097;51238;
2464000;"Powiat m.Częstochowa";;;;;;;96588;99591;104288;106151;108396;110209;113250;117480;121160;125268;129365;133349;
2465000;"Powiat m.Dąbrowa Górnicza";;;;;;;54334;56868;59563;61383;63216;64650;66010;67892;69733;71928;73610;75486;
2466000;"Powiat m.Gliwice";;;;;;;87940;91510;96325;99712;104256;107801;110850;115103;109502;120060;123523;126632;
2467000;"Powiat m.Jastrzębie-Zdrój";;;;;;;38506;40056;41796;42703;43556;44134;44789;45979;47001;48370;49828;50751;
2468000;"Powiat m.Jaworzno";;;;;;;37537;39832;41678;42825;44068;44887;46070;47518;48941;50142;51448;52571;
2469000;"Powiat m.Katowice";;;;;;;148816;152943;159680;165815;173811;180879;189419;199139;208617;216348;223006;226083;
2470000;"Powiat m.Mysłowice";;;;;;;28930;31123;33563;35122;36583;37449;38238;39559;40998;42856;44308;44808;
2471000;"Powiat m.Piekary Śląskie";;;;;;;21953;23006;24074;24634;25201;25777;26236;26826;27353;27864;28740;29429;
2472000;"Powiat m.Ruda Śląska";;;;;;;52134;55077;57563;59448;61247;62498;63978;65888;67524;69535;71569;72699;
2473000;"Powiat m.Rybnik";;;;;;;59735;62794;65766;66667;68422;70222;72512;75056;77226;79753;82758;84526;
2474000;"Powiat m.Siemianowice Śląskie";;;;;;;25826;27069;28526;29201;29914;30625;31549;32302;32936;33661;34563;35390;
2475000;"Powiat m.Sosnowiec";;;;;;;90478;94312;97445;99836;102057;103616;105659;108267;109710;111416;113866;115883;
2476000;"Powiat m.Świętochłowice";;;;;;;17260;18074;18950;19499;20223;21119;21648;22588;22718;23652;24487;25130;
2477000;"Powiat m.Tychy";;;;;;;53195;55950;58534;59844;61210;62277;63951;67327;70963;77057;81816;85185;
2478000;"Powiat m.Zabrze";;;;;;;65705;68656;72164;74123;76073;77479;79244;81454;83942;86202;88932;91066;
2479000;"Powiat m.Żory";;;;;;;27805;28812;30006;30649;31279;31748;32432;33485;34209;35325;36299;37173;
2601000;"Powiat buski";;;;;;;32371;33564;34608;35404;36381;37138;38241;39868;40842;42192;43739;45146;
2602000;"Powiat jędrzejowski";;;;;;;36798;38610;40093;41078;42013;42859;43878;45554;46814;48217;49912;51321;
2603000;"Powiat kazimierski";;;;;;;16034;16799;17817;18292;18853;19318;19851;20611;21266;22084;23150;24006;
2604000;"Powiat kielecki";;;;;;;80893;85410;90506;93440;96658;99867;103923;109558;114660;120107;126455;129626;
2605000;"Powiat konecki";;;;;;;33041;34494;36110;36933;38001;38814;39802;41484;42667;43996;45464;46765;
2606000;"Powiat opatowski";;;;;;;25000;26334;27760;28482;29164;29691;30527;31765;32661;33777;35129;36241;
2607000;"Powiat ostrowiecki";;;;;;;37723;39618;41526;42602;43959;45182;46503;48818;50647;52575;54483;56421;
2608000;"Powiat pińczowski";;;;;;;17389;18125;18958;19464;20035;20488;21136;22041;22751;23510;24436;24957;
2609000;"Powiat sandomierski";;;;;;;35999;37389;39154;40084;41167;41946;43166;44924;45951;47524;49234;50255;
2610000;"Powiat skarżyski";;;;;;;29766;30967;32009;32663;33273;33973;34912;36150;37286;38459;39920;40851;
2611000;"Powiat starachowicki";;;;;;;40447;41851;43065;44115;45393;46527;48012;50175;51777;53663;55344;56902;
2612000;"Powiat staszowski";;;;;;;37569;38450;39837;40763;41561;42111;43276;44937;46058;47438;49082;50371;
2613000;"Powiat włoszczowski";;;;;;;18890;19901;20821;21462;22129;22768;23438;24472;25230;26033;26951;27818;
2661000;"Powiat m.Kielce";;;;;;;75085;78218;80956;83921;86249;89085;92658;97343;102079;107211;111602;114776;
2801000;"Powiat bartoszycki";;;;;;;24002;25029;26259;27440;28648;29603;30493;31615;32524;33618;34903;35849;
2802000;"Powiat braniewski";;;;;;;16541;17410;18502;19534;20455;21300;21930;22730;23506;24458;25497;26229;
2803000;"Powiat działdowski";;;;;;;26260;27891;29073;30497;31545;32586;33446;34992;36252;37505;39122;40432;
2804000;"Powiat elbląski";;;;;;;23821;24920;26468;27836;29239;30603;31715;33280;34646;36315;38137;39316;
2805000;"Powiat ełcki";;;;;;;25693;26867;28207;29137;29948;31164;32496;34170;35830;37503;39328;40790;
2806000;"Powiat giżycki";;;;;;;22912;23852;24670;25406;26170;27029;27959;29055;29910;30405;31431;32201;
2807000;"Powiat iławski";;;;;;;35983;37823;39769;41170;42712;44221;45944;48075;49840;51629;54035;56009;
2808000;"Powiat kętrzyński";;;;;;;24216;25482;27064;27973;29035;29961;30769;31943;32782;33661;34712;35678;
2809000;"Powiat lidzbarski";;;;;;;16952;17738;18805;19611;20402;21169;21855;22712;23366;24184;25126;25944;
2810000;"Powiat mrągowski";;;;;;;19282;20058;21175;21726;22184;22830;23446;24372;25198;26017;26974;27689;
2811000;"Powiat nidzicki";;;;;;;12518;13315;13948;14582;15188;15723;16275;17099;17710;18507;19398;20136;
2812000;"Powiat nowomiejski";;;;;;;19805;20745;21537;22217;22900;23609;24348;25662;26648;27932;29070;30019;
2813000;"Powiat olecki";;;;;;;14597;15385;15900;16178;16621;16997;17432;18085;18615;19139;19773;20313;
2814000;"Powiat olsztyński";;;;;;;48013;51041;54195;56224;58361;60547;63084;66168;68603;71549;74956;77647;
2815000;"Powiat ostródzki";;;;;;;40802;43048;45959;47925;50050;52076;54286;57245;59007;61268;64006;66403;
2816000;"Powiat piski";;;;;;;20478;21483;22539;23084;23657;24165;24793;25915;26699;27632;28748;29553;
2817000;"Powiat szczycieński";;;;;;;27731;29444;31123;32210;33504;34585;35762;37515;39216;40635;42306;43872;
2818000;"Powiat gołdapski";;;;;;;10307;10748;11228;11471;11754;12121;12417;12840;13148;13547;14069;14394;
2819000;"Powiat węgorzewski";;;;;;;10085;10669;11121;11497;11853;12199;12462;12940;13296;13779;14296;14766;
2861000;"Powiat m.Elbląg";;;;;;;43810;45351;47529;48902;50382;51971;53409;55413;57133;59621;62207;63983;
2862000;"Powiat m.Olsztyn";;;;;;;68072;70007;72736;74280;76428;78621;81335;84701;87598;91604;95442;98985;
3001000;"Powiat chodzieski";;;;;;;25579;26306;27207;28139;28943;29849;30696;32088;33225;34432;35448;36486;
3002000;"Powiat czarnkowsko-trzcianecki";;;;;;;42467;44485;47112;48642;50194;51387;52861;54910;56533;58118;59941;61610;
3003000;"Powiat gnieźnieński";;;;;;;64872;67605;71222;73277;75528;77374;79609;83466;86425;89376;92313;94861;
3004000;"Powiat gostyński";;;;;;;38175;39931;42341;44003;45602;46887;48361;50261;51726;53038;54693;56138;
3005000;"Powiat grodziski";;;;;;;26255;27590;29099;30087;31217;32251;33541;35376;36464;37955;39239;40254;
3006000;"Powiat jarociński";;;;;;;37495;38859;39834;40836;42056;42951;44354;45983;47309;48998;50643;52022;
3007000;"Powiat kaliski";;;;;;;43190;44997;46928;48357;49982;51559;53311;55666;57387;59251;61271;63008;
3008000;"Powiat kępiński";;;;;;;29682;30888;32520;33633;34722;35629;36755;38258;39446;40895;42149;43208;
3009000;"Powiat kolski";;;;;;;42547;44967;47131;48668;50164;51577;52643;54791;56580;58532;60094;61689;
3010000;"Powiat koniński";;;;;;;63995;67677;71496;74378;77474;80077;82873;86363;89295;92696;96203;98709;
3011000;"Powiat kościański";;;;;;;40675;42358;44768;46379;47836;49115;50639;52625;54180;55928;57446;58768;
3012000;"Powiat krotoszyński";;;;;;;37256;38922;41321;42836;44255;45593;46813;48916;50589;52071;53693;55147;
3013000;"Powiat leszczyński";;;;;;;27516;28702;30525;31668;32763;33654;34764;36342;37438;38574;39979;41217;
3014000;"Powiat międzychodzki";;;;;;;17623;18271;19243;19785;20366;21099;21761;22812;23691;24549;25474;26306;
3015000;"Powiat nowotomyski";;;;;;;37624;39528;41869;43198;44997;46589;48227;50621;52643;55041;57349;59464;
3016000;"Powiat obornicki";;;;;;;29510;31012;32549;33802;35100;36317;37436;39214;40578;41921;43234;44141;
3017000;"Powiat ostrowski";;;;;;;74982;78534;82838;85258;87710;89987;92911;96892;100513;104117;107692;111061;
3018000;"Powiat ostrzeszowski";;;;;;;28237;29462;30919;31836;32785;33787;34871;36666;37948;39524;40879;42127;
3019000;"Powiat pilski";;;;;;;59431;61942;64933;66442;68101;70077;72452;75481;78142;80818;83556;85904;
3020000;"Powiat pleszewski";;;;;;;35807;37275;38971;40286;41553;42399;43506;45255;46413;48013;49440;50886;
3021000;"Powiat poznański";;;;;;;159194;167739;178781;185850;194482;204023;212635;224271;232860;242969;255571;267467;
3022000;"Powiat rawicki";;;;;;;30869;32021;33565;34459;35239;35887;37050;38330;39173;40374;41575;42834;
3023000;"Powiat słupecki";;;;;;;29648;31196;32688;33864;35166;36257;37390;39219;40408;41793;43122;44502;
3024000;"Powiat szamotulski";;;;;;;45135;47156;50053;51775;53679;55638;57777;59899;62248;64362;66753;69057;
3025000;"Powiat średzki";;;;;;;27012;28188;29619;30493;31334;32105;33259;34683;35684;36893;38326;39753;
3026000;"Powiat śremski";;;;;;;27787;28962;30093;30839;31756;32613;33916;35611;36847;38205;39881;41329;
3027000;"Powiat turecki";;;;;;;41668;43863;45953;47420;48963;50413;52005;54113;55800;57721;59468;60663;
3028000;"Powiat wągrowiecki";;;;;;;35056;36493;38491;39762;41077;42181;43549;45581;47105;48674;50125;51486;
3029000;"Powiat wolsztyński";;;;;;;24029;25309;27178;28372;29614;30723;31861;33642;34969;36432;37886;39077;
3030000;"Powiat wrzesiński";;;;;;;33869;35380;36643;37384;38308;39414;40934;43050;44745;46460;48308;49783;
3031000;"Powiat złotowski";;;;;;;28193;29634;31157;32165;33001;33899;34933;36428;37545;38755;40018;41056;
3061000;"Powiat m.Kalisz";;;;;;;50680;51916;53529;54552;55993;57439;59556;62546;65903;69115;72193;74621;
3062000;"Powiat m.Konin";;;;;;;34558;35779;37046;37917;38724;39599;40424;41753;42897;44158;45617;46914;
3063000;"Powiat m.Leszno";;;;;;;26304;27245;28539;29263;30038;30813;32116;33659;35042;36543;37876;39247;
3064000;"Powiat m.Poznań";;;;;;;280845;285411;297922;305283;316830;327748;338984;356788;371610;388958;405254;415382;
3201000;"Powiat białogardzki";;;;;;;18515;19448;20746;21575;22436;23200;23986;25026;25781;26515;27551;28422;
3202000;"Powiat choszczeński";;;;;;;20794;21880;23333;24188;25071;25889;26498;27562;28318;29306;30222;31068;
3203000;"Powiat drawski";;;;;;;23588;24730;26080;27023;27849;28650;29485;30747;31896;33064;34278;35384;
3204000;"Powiat goleniowski";;;;;;;35493;37394;39989;41727;43443;45103;47102;49094;51072;53258;55618;57556;
3205000;"Powiat gryficki";;;;;;;24884;26297;27987;29089;30309;31457;32677;34253;35374;36683;38368;39621;
3206000;"Powiat gryfiński";;;;;;;37358;39343;41750;43376;45178;46827;48531;50814;52615;54632;56722;58489;
3207000;"Powiat kamieński";;;;;;;20522;21515;22892;23719;24709;25629;26553;27630;28697;29925;31110;32138;
3208000;"Powiat kołobrzeski";;;;;;;30693;32422;35002;36302;37767;39010;40285;42006;43648;45289;46895;47920;
3209000;"Powiat koszaliński";;;;;;;27028;28170;30038;31123;32331;33407;34735;36555;37875;39501;41226;42536;
3210000;"Powiat myśliborski";;;;;;;30039;31728;33910;35303;36715;38045;39172;40950;42301;43816;45482;46908;
3211000;"Powiat policki";;;;;;;27774;29539;32305;33918;35861;37616;39468;41287;42959;44680;46334;47433;
3212000;"Powiat pyrzycki";;;;;;;17616;18420;19711;20656;21536;22445;23329;24189;25039;26020;27151;28084;
3213000;"Powiat sławieński";;;;;;;22279;23649;24945;26091;27393;28622;30046;31565;32779;34397;36114;37544;
3214000;"Powiat stargardzki";;;;;;;46740;49081;52329;54635;57114;59432;61914;64739;67299;70032;72985;76000;
3215000;"Powiat szczecinecki";;;;;;;25417;26869;28406;29525;30700;31787;32897;34430;35695;36968;38463;39741;
3216000;"Powiat świdwiński";;;;;;;19295;20231;21604;22556;23491;24359;25122;26179;26916;27721;28738;29439;
3217000;"Powiat wałecki";;;;;;;22291;23149;24252;24764;25296;25659;26299;27225;27979;28896;29808;30739;
3218000;"Powiat łobeski";;;;;;;15988;16766;17756;18353;19046;19726;20308;20991;21582;22416;23267;23904;
3261000;"Powiat m.Koszalin";;;;;;;39657;41424;43106;44151;45593;47139;49096;51590;53583;56219;58494;60448;
3262000;"Powiat m.Szczecin";;;;;;;158583;164040;172375;177429;183172;189720;197426;205779;214074;223160;231103;236707;
3263000;"Powiat m.Świnoujście";;;;;;;13877;14508;15341;16043;16860;17551;18422;19468;20432;21570;22611;23311;
