"Kod";"Nazwa";"ścieżki rowerowe (drogi dla rowerów) ogółem;2011;[km]";"ścieżki rowerowe (drogi dla rowerów) ogółem;2012;[km]";"ścieżki rowerowe (drogi dla rowerów) ogółem;2013;[km]";"ścieżki rowerowe (drogi dla rowerów) ogółem;2014;[km]";"ścieżki rowerowe (drogi dla rowerów) ogółem;2015;[km]";"ścieżki rowerowe (drogi dla rowerów) ogółem;2016;[km]";"ścieżki rowerowe (drogi dla rowerów) ogółem;2017;[km]";"ścieżki rowerowe (drogi dla rowerów) ogółem;2018;[km]";"ścieżki rowerowe (drogi dla rowerów) ogółem;2019;[km]";"ścieżki rowerowe (drogi dla rowerów) ogółem;2020;[km]";"ścieżki rowerowe na 10 tys. ludności;2011;[km]";"ścieżki rowerowe na 10 tys. ludności;2012;[km]";"ścieżki rowerowe na 10 tys. ludności;2013;[km]";"ścieżki rowerowe na 10 tys. ludności;2014;[km]";"ścieżki rowerowe na 10 tys. ludności;2015;[km]";"ścieżki rowerowe na 10 tys. ludności;2016;[km]";"ścieżki rowerowe na 10 tys. ludności;2017;[km]";"ścieżki rowerowe na 10 tys. ludności;2018;[km]";"ścieżki rowerowe na 10 tys. ludności;2019;[km]";"ścieżki rowerowe na 10 tys. ludności;2020;[km]";
0201000;"Powiat bolesławiecki";8,2;11,8;14,0;24,2;28,9;37,0;41,2;42,0;52,3;57,0;0,91;1,31;1,55;2,68;3,20;4,10;4,57;4,66;5,80;6,35;
0202000;"Powiat dzierżoniowski";80,8;92,3;34,8;199,1;199,4;48,6;51,2;52,5;55,9;58,5;7,64;8,77;3,33;19,13;19,29;4,73;5,02;5,18;5,54;5,85;
0203000;"Powiat głogowski";11,2;11,6;12,6;13,7;15,5;17,3;18,4;21,5;23,3;24,4;1,24;1,28;1,40;1,52;1,72;1,92;2,05;2,40;2,61;2,76;
0204000;"Powiat górowski";0,0;0,0;1,6;3,2;3,2;3,2;3,2;3,2;3,5;4,7;0,00;0,00;0,44;0,88;0,89;0,90;0,90;0,91;1,00;1,36;
0205000;"Powiat jaworski";0,0;0,0;0,0;4,1;4,1;4,1;4,1;7,4;10,5;10,5;0,00;0,00;0,00;0,79;0,80;0,80;0,80;1,46;2,10;2,11;
0206000;"Powiat karkonoski";0,0;0,0;0,0;0,0;0,0;0,0;0,0;0,0;0,0;6,9;0,00;0,00;0,00;0,00;0,00;0,00;0,00;0,00;0,00;1,09;
0207000;"Powiat kamiennogórski";0,0;0,0;0,0;0,0;0,0;0,0;0,0;0,0;0,0;8,2;0,00;0,00;0,00;0,00;0,00;0,00;0,00;0,00;0,00;1,91;
0208000;"Powiat kłodzki";9,8;7,0;7,9;19,5;19,5;21,7;21,5;32,4;30,7;31,6;0,59;0,42;0,48;1,19;1,20;1,34;1,34;2,03;1,94;2,02;
0209000;"Powiat legnicki";5,9;5,9;10,6;4,1;4,1;4,1;5,0;5,0;5,0;5,0;1,08;1,08;1,93;0,75;0,74;0,74;0,91;0,90;0,91;0,91;
0210000;"Powiat lubański";0,0;0,0;0,0;0,0;0,0;0,0;0,0;0,0;0,0;0,0;0,00;0,00;0,00;0,00;0,0;0,0;0,0;0,0;0,0;0,0;
0211000;"Powiat lubiński";18,0;18,7;33,4;37,2;37,4;37,4;41,3;43,3;43,7;44,6;1,68;1,75;3,14;3,50;3,52;3,52;3,88;4,08;4,12;4,21;
0212000;"Powiat lwówecki";7,5;7,5;17,1;8,1;8,1;8,1;8,1;8,1;8,1;8,1;1,57;1,57;3,61;1,72;1,74;1,74;1,75;1,76;1,76;1,78;
0213000;"Powiat milicki";5,0;27,2;8,3;8,6;8,6;8,3;8,9;8,9;8,9;9,6;1,33;7,26;2,22;2,31;2,31;2,23;2,40;2,40;2,41;2,61;
0214000;"Powiat oleśnicki";10,5;11,5;10,5;13,7;13,7;11,8;20,6;28,6;35,4;38,7;0,99;1,09;0,99;1,29;1,29;1,10;1,93;2,67;3,30;3,61;
0215000;"Powiat oławski";0,0;12,0;13,7;13,7;13,7;13,7;15,0;22,7;22,7;18,4;0,00;1,59;1,81;1,80;1,80;1,79;1,96;2,96;2,96;2,40;
0216000;"Powiat polkowicki";6,2;6,6;9,6;10,1;13,6;13,6;15,4;16,4;14,1;15,6;0,98;1,04;1,52;1,60;2,16;2,16;2,44;2,60;2,24;2,48;
0217000;"Powiat strzeliński";2,0;2,0;2,0;3,0;2,4;3,4;3,4;2,0;2,0;2,0;0,45;0,45;0,45;0,68;0,54;0,77;0,77;0,46;0,46;0,46;
0218000;"Powiat średzki";0,7;0,7;10,3;13,7;16,2;16,2;18,5;21,4;23,3;25,9;0,14;0,13;1,96;2,60;3,07;3,05;3,44;3,94;4,23;4,67;
0219000;"Powiat świdnicki";14,7;15,2;15,2;18,5;19,9;21,2;27,6;44,6;48,3;48,8;0,91;0,94;0,94;1,15;1,25;1,33;1,74;2,83;3,08;3,13;
0220000;"Powiat trzebnicki";2,6;12,3;11,5;12,3;3,0;3,0;4,2;53,6;55,5;55,5;0,32;1,49;1,38;1,48;0,36;0,36;0,50;6,31;6,51;6,51;
0221000;"Powiat wałbrzyski";3,3;5,3;8,1;6,6;6,6;6,6;7,1;7,1;6,8;6,8;0,18;0,30;1,40;1,15;1,16;1,16;1,26;1,27;1,22;1,23;
0222000;"Powiat wołowski";11,4;12,1;32,1;19,2;23,7;27,2;27,8;28,1;42,5;39,8;2,38;2,54;6,75;4,05;5,02;5,77;5,90;5,97;9,08;8,54;
0223000;"Powiat wrocławski";4,7;5,4;11,7;25,0;25,0;27,0;35,1;39,1;41,4;47,4;0,39;0,43;0,91;1,91;1,86;1,96;2,48;2,68;2,73;3,03;
0224000;"Powiat ząbkowicki";2,0;2,0;12,0;0,0;0,0;0,0;0,0;0,0;0,0;0,9;0,29;0,29;1,77;0,00;0,00;0,00;0,00;0,00;0,00;0,14;
0225000;"Powiat zgorzelecki";13,2;18,8;21,9;22,1;22,1;23,9;22,9;41,5;52,5;54,7;1,40;2,00;2,35;2,39;2,41;2,62;2,53;4,61;5,89;6,19;
0226000;"Powiat złotoryjski";30,0;30,0;20,0;0,0;0,0;0,0;0,0;0,0;0,0;4,7;6,58;6,60;4,44;0,00;0,00;0,00;0,00;0,00;0,00;1,09;
0261000;"Powiat m.Jelenia Góra";35,2;39,9;41,4;42,8;42,8;43,5;43,5;43,5;45,7;57,1;4,22;4,82;5,05;5,26;5,28;5,40;5,43;5,47;5,78;7,29;
0262000;"Powiat m.Legnica";28,3;28,8;28,8;28,8;30,0;30,0;33,1;33,3;35,0;39,7;2,75;2,81;2,82;2,84;2,97;2,98;3,30;3,34;3,52;4,03;
0264000;"Powiat m.Wrocław";197,9;204,1;210,3;215,4;229,8;242,5;249,9;260,0;312,1;360,4;3,14;3,23;3,33;3,39;3,61;3,80;3,91;4,06;4,85;5,61;
0265000;"Powiat m.Wałbrzych od 2013";;;7,8;12,9;14,6;20,6;24,7;28,6;33,2;33,7;;;0,66;1,11;1,26;1,80;2,17;2,54;2,98;3,06;
0401000;"Powiat aleksandrowski";5,6;5,6;19,7;29,5;29,9;29,9;29,9;31,3;29,4;27,4;1,00;1,00;3,52;5,30;5,38;5,40;5,40;5,66;5,34;4,99;
0402000;"Powiat brodnicki";4,0;4,0;4,1;5,0;14,2;16,4;18,6;19,3;21,0;21,0;0,51;0,51;0,52;0,64;1,81;2,09;2,36;2,45;2,65;2,66;
0403000;"Powiat bydgoski";57,9;67,1;94,5;127,2;140,2;147,6;151,8;143,0;150,6;167,0;5,38;6,14;8,55;11,38;12,41;12,90;13,09;12,19;12,69;13,87;
0404000;"Powiat chełmiński";6,7;11,6;20,6;27,9;28,7;28,7;30,9;31,0;27,2;29,3;1,27;2,20;3,92;5,31;5,48;5,49;5,91;5,94;5,24;5,67;
0405000;"Powiat golubsko-dobrzyński";13,0;14,8;20,5;26,9;35,0;35,0;28,2;30,0;30,0;33,4;2,86;3,26;4,51;5,92;7,72;7,73;6,23;6,65;6,66;7,45;
0406000;"Powiat grudziądzki";4,3;4,3;7,7;10,1;10,9;11,5;20,2;21,2;22,9;25,9;1,07;1,07;1,92;2,51;2,70;2,85;5,00;5,26;5,69;6,43;
0407000;"Powiat inowrocławski";35,1;40,0;36,1;48,7;51,8;52,9;56,4;71,0;77,7;78,3;2,13;2,43;2,21;2,98;3,19;3,27;3,49;4,42;4,86;4,94;
0408000;"Powiat lipnowski";0,0;0,0;0,0;0,5;0,5;0,5;0,5;0,5;0,5;5,2;0,00;0,00;0,00;0,07;0,07;0,08;0,08;0,08;0,08;0,79;
0409000;"Powiat mogileński";8,0;8,0;8,0;8,0;8,0;8,0;8,0;8,0;8,0;11,5;1,70;1,71;1,72;1,72;1,73;1,73;1,74;1,75;1,75;2,53;
0410000;"Powiat nakielski";0,9;0,0;0,9;5,0;5,7;10,8;17,8;21,7;24,3;27,4;0,10;0,00;0,10;0,58;0,66;1,24;2,05;2,51;2,82;3,18;
0411000;"Powiat radziejowski";0,0;1,9;6,5;12,5;12,5;12,5;12,5;15,9;21,1;20,5;0,00;0,45;1,56;3,01;3,02;3,04;3,06;3,91;5,23;5,12;
0412000;"Powiat rypiński";0,0;0,0;3,5;3,5;3,5;3,5;3,5;4,2;9,7;9,7;0,00;0,00;0,78;0,78;0,79;0,79;0,79;0,96;2,23;2,24;
0413000;"Powiat sępoleński";12,1;12,9;13,8;13,8;29,3;29,3;29,3;30,1;25,9;27,2;2,90;3,09;3,31;3,32;7,06;7,08;7,08;7,32;6,31;6,66;
0414000;"Powiat świecki";11,2;12,4;14,2;27,7;29,7;42,0;43,8;67,0;60,2;64,2;1,12;1,24;1,42;2,77;2,98;4,21;4,40;6,75;6,08;6,50;
0415000;"Powiat toruński";83,3;85,7;47,7;106,7;154,1;127,8;107,4;116,7;121,5;144,2;8,44;8,58;4,72;10,44;14,90;12,23;10,17;10,91;11,21;13,16;
0416000;"Powiat tucholski";7,2;8,2;10,9;18,5;21,5;27,7;31,5;36,8;53,8;55,6;1,49;1,70;2,26;3,82;4,44;5,72;6,50;7,61;11,12;11,51;
0417000;"Powiat wąbrzeski";1,1;1,7;9,3;19,9;18,8;21,0;22,5;25,8;30,3;31,6;0,31;0,48;2,65;5,71;5,40;6,04;6,50;7,50;8,86;9,28;
0418000;"Powiat włocławski";3,8;4,7;14,4;15,6;17,3;17,3;24,7;30,6;40,9;48,9;0,44;0,54;1,66;1,80;1,99;2,00;2,85;3,54;4,75;5,71;
0419000;"Powiat żniński";5,9;6,3;7,9;7,9;9,8;10,8;10,8;13,8;15,0;14,1;0,83;0,89;1,12;1,12;1,39;1,53;1,53;1,96;2,14;2,02;
0461000;"Powiat m.Bydgoszcz";63,8;69,1;76,6;77,3;81,7;83,5;85,0;100,5;108,7;115,4;1,76;1,91;2,13;2,16;2,30;2,36;2,41;2,87;3,12;3,35;
0462000;"Powiat m.Grudziądz";31,2;36,4;40,7;51,2;54,1;54,1;54,1;58,8;58,8;58,8;3,17;3,72;4,17;5,27;5,62;5,64;5,66;6,19;6,23;6,28;
0463000;"Powiat m.Toruń";61,0;67,0;78,7;84,0;97,0;105,0;110,0;116,0;123,0;138,0;2,98;3,28;3,87;4,13;4,79;5,18;5,43;5,74;6,11;6,95;
0464000;"Powiat m.Włocławek";37,5;37,5;37,5;43,9;50,0;57,3;58,9;58,9;63,4;64,3;3,22;3,25;3,26;3,85;4,42;5,09;5,27;5,32;5,77;5,92;
0601000;"Powiat bialski";31,2;33,8;27,0;24,2;31,3;31,3;38,6;42,0;46,7;53,6;2,74;2,97;2,38;2,14;2,78;2,78;3,45;3,77;4,22;4,87;
0602000;"Powiat biłgorajski";6,0;9,0;21,4;24,7;43,2;46,5;48,7;49,3;51,6;52,3;0,58;0,87;2,07;2,40;4,21;4,55;4,78;4,86;5,11;5,21;
0603000;"Powiat chełmski";3,1;3,1;3,1;5,2;17,9;19,3;22,7;23,5;23,5;30,4;0,39;0,39;0,39;0,65;2,26;2,44;2,89;3,00;3,01;3,92;
0604000;"Powiat hrubieszowski";1,6;2,1;2,1;3,6;3,6;14,6;14,8;21,5;21,5;30,9;0,23;0,31;0,31;0,54;0,55;2,24;2,30;3,38;3,42;4,98;
0605000;"Powiat janowski";1,5;1,5;2,2;2,2;2,6;8,4;8,9;11,4;11,4;11,7;0,31;0,32;0,47;0,47;0,55;1,80;1,92;2,48;2,49;2,59;
0606000;"Powiat krasnostawski";1,0;1,0;1,1;1,1;5,3;31,4;5,3;5,3;3,2;3,9;0,15;0,15;0,17;0,17;0,81;4,84;0,82;0,83;0,51;0,62;
0607000;"Powiat kraśnicki";7,6;7,6;7,6;7,6;12,4;13,0;13,0;13,0;16,5;16,8;0,76;0,77;0,77;0,77;1,27;1,34;1,35;1,35;1,73;1,78;
0608000;"Powiat lubartowski";3,2;4,6;23,2;29,8;32,7;32,7;31,5;38,8;56,3;68,9;0,35;0,51;2,58;3,32;3,65;3,66;3,54;4,37;6,37;7,84;
0609000;"Powiat lubelski";1,6;1,6;1,6;22,0;26,1;26,4;26,8;46,1;85,7;109,0;0,11;0,11;0,11;1,46;1,73;1,73;1,75;2,99;5,51;6,97;
0610000;"Powiat łęczyński";7,0;7,0;7,9;8,2;11,6;11,7;24,2;30,3;30,3;33,1;1,21;1,21;1,37;1,43;2,02;2,04;4,21;5,27;5,29;5,78;
0611000;"Powiat łukowski";12,0;12,0;36,1;36,1;41,1;42,4;57,3;53,6;53,6;23,7;1,09;1,10;3,30;3,31;3,78;3,92;5,31;4,99;5,02;2,23;
0612000;"Powiat opolski";0,4;0,4;0,4;3,2;3,2;3,2;5,6;5,6;7,8;11,4;0,06;0,06;0,06;0,52;0,52;0,53;0,93;0,94;1,32;1,94;
0613000;"Powiat parczewski";0,0;0,0;0,0;0,6;2,0;2,0;1,8;1,8;26,4;34,0;0,00;0,00;0,00;0,17;0,56;0,56;0,51;0,51;7,61;9,89;
0614000;"Powiat puławski";22,7;31,3;11,2;11,2;11,2;12,0;13,3;31,2;32,3;36,8;1,94;2,69;0,96;0,97;0,97;1,05;1,16;2,74;2,85;3,27;
0615000;"Powiat radzyński";4,6;6,1;3,7;6,5;6,5;6,5;9,0;9,0;9,8;9,8;0,75;1,00;0,61;1,07;1,08;1,08;1,51;1,52;1,67;1,68;
0616000;"Powiat rycki";10,2;12,8;14,7;14,7;14,7;15,7;15,7;16,5;18,6;20,6;1,73;2,19;2,53;2,55;2,56;2,75;2,77;2,94;3,32;3,71;
0617000;"Powiat świdnicki";4,4;4,4;8,7;10,1;10,8;15,7;18,6;20,1;21,6;44,3;0,60;0,60;1,19;1,39;1,49;2,17;2,57;2,79;3,01;6,20;
0618000;"Powiat tomaszowski";29,9;30,8;32,1;33,7;33,7;40,9;52,4;69,3;70,2;81,1;3,40;3,52;3,69;3,90;3,93;4,81;6,21;8,28;8,48;9,90;
0619000;"Powiat włodawski";7,5;7,5;19,3;19,4;43,4;43,4;43,5;43,5;47,4;53,6;1,88;1,89;4,88;4,92;11,05;11,10;11,20;11,25;12,36;14,11;
0620000;"Powiat zamojski";0,0;1,9;3,1;3,1;20,1;20,6;20,8;20,9;36,0;36,2;0,00;0,17;0,28;0,28;1,85;1,91;1,93;1,95;3,39;3,44;
0661000;"Powiat m.Biała Podlaska";3,2;6,4;6,7;6,5;10,7;7,7;10,5;10,5;15,0;21,0;0,55;1,10;1,16;1,13;1,86;1,34;1,82;1,83;2,62;3,69;
0662000;"Powiat m.Chełm";6,1;6,1;6,1;9,9;15,9;15,9;15,9;16,1;16,7;19,1;0,92;0,93;0,93;1,53;2,47;2,49;2,51;2,57;2,70;3,12;
0663000;"Powiat m.Lublin";59,6;65,2;79,2;109,6;130,0;138,9;145,0;140,0;165,2;180,9;1,71;1,88;2,31;3,21;3,82;4,08;4,27;4,12;4,86;5,34;
0664000;"Powiat m.Zamość";27,9;29,0;32,2;32,2;33,3;35,9;38,9;42,7;45,2;47,9;4,24;4,42;4,93;4,95;5,14;5,55;6,04;6,69;7,13;7,63;
0801000;"Powiat gorzowski";53,4;71,8;71,1;72,3;73,9;59,8;61,6;63,0;72,8;79,5;7,69;10,26;10,10;10,21;10,42;8,39;8,62;8,81;10,13;11,00;
0802000;"Powiat krośnieński";29,2;30,0;30,6;34,3;34,3;34,3;39,0;37,7;43,1;52,2;5,13;5,29;5,40;6,10;6,13;6,15;7,03;6,82;7,86;9,56;
0803000;"Powiat międzyrzecki";2,4;13,8;16,7;19,5;19,5;21,0;24,6;24,9;24,9;24,9;0,41;2,34;2,85;3,33;3,33;3,60;4,22;4,29;4,33;4,36;
0804000;"Powiat nowosolski";2,2;42,7;43,3;43,3;43,3;45,1;78,0;88,9;89,5;86,1;0,25;4,85;4,94;4,95;4,96;5,18;8,97;10,26;10,39;10,04;
0805000;"Powiat słubicki";20,3;20,3;29,0;31,5;29,0;29,1;29,1;31,1;36,5;41,1;4,27;4,29;6,13;6,66;6,13;6,18;6,18;6,60;7,78;8,76;
0806000;"Powiat strzelecko-drezdenecki";15,5;15,5;25,5;25,5;28,3;28,3;28,3;28,3;30,4;35,0;3,06;3,06;5,06;5,08;5,65;5,68;5,69;5,73;6,20;7,20;
0807000;"Powiat sulęciński";23,5;23,5;33,3;33,9;33,9;34,2;34,2;34,2;34,2;34,2;6,54;6,56;9,31;9,48;9,52;9,66;9,67;9,69;9,72;9,77;
0808000;"Powiat świebodziński";4,9;10,2;23,7;32,9;33,1;34,1;36,2;37,8;37,9;50,6;0,86;1,80;4,19;5,83;5,88;6,07;6,45;6,77;6,79;9,11;
0809000;"Powiat zielonogórski";22,6;27,5;41,8;52,5;47,9;51,7;54,1;59,4;72,6;88,0;2,41;2,91;4,40;5,53;6,37;6,86;7,16;7,84;9,61;11,63;
0810000;"Powiat żagański";6,4;8,9;11,2;16,7;16,7;18,4;19,4;21,6;19,6;20,3;0,78;1,08;1,37;2,05;2,06;2,28;2,42;2,71;2,48;2,60;
0811000;"Powiat żarski";21,2;43,9;50,7;54,5;54,5;54,7;55,1;50,3;57,9;61,3;2,13;4,41;5,12;5,53;5,55;5,59;5,65;5,19;6,02;6,42;
0812000;"Powiat wschowski";2,1;2,1;2,7;3,7;4,4;4,4;5,0;5,3;5,3;5,3;0,53;0,53;0,68;0,94;1,12;1,12;1,28;1,36;1,36;1,37;
0861000;"Powiat m.Gorzów Wielkopolski";18,8;19,5;19,5;37,5;42,9;43,9;46,2;50,6;50,6;65,4;1,51;1,56;1,57;3,02;3,47;3,54;3,72;4,08;4,09;5,33;
0862000;"Powiat m.Zielona Góra";38,4;39,6;7,5;5,6;62,2;62,2;65,9;66,0;68,0;69,7;3,22;3,33;0,63;0,47;4,48;4,46;4,71;4,70;4,82;4,95;
1001000;"Powiat bełchatowski";88,4;94,6;97,8;114,3;120,8;126,5;132,7;134,3;134,3;137,0;7,82;8,36;8,65;10,09;10,70;11,19;11,74;11,89;11,91;12,18;
1002000;"Powiat kutnowski";15,9;17,4;17,5;17,5;17,5;18,4;17,9;17,5;17,5;17,5;1,56;1,72;1,74;1,75;1,76;1,87;1,83;1,80;1,81;1,83;
1003000;"Powiat łaski";9,3;9,3;9,5;9,9;10,9;11,3;15,6;19,0;20,5;20,5;1,83;1,84;1,87;1,96;2,17;2,25;3,11;3,79;4,11;4,12;
1004000;"Powiat łęczycki";0,0;0,0;1,4;1,4;1,4;1,4;1,4;1,7;2,5;2,5;0,00;0,00;0,27;0,27;0,27;0,28;0,28;0,34;0,50;0,51;
1005000;"Powiat łowicki";0,0;2,6;4,9;4,9;5,9;5,9;5,9;11,1;12,6;12,6;0,00;0,32;0,61;0,61;0,74;0,74;0,75;1,41;1,61;1,62;
1006000;"Powiat łódzki wschodni";6,1;14,4;20,8;21,9;21,9;19,0;32,5;39,7;47,1;47,2;0,89;2,08;2,98;3,12;3,11;2,68;4,57;5,54;6,53;6,50;
1007000;"Powiat opoczyński";7,0;8,8;10,0;10,0;13,9;11,5;10,3;11,6;15,0;24,4;0,89;1,12;1,28;1,29;1,79;1,49;1,34;1,51;1,97;3,23;
1008000;"Powiat pabianicki";4,2;10,4;8,4;8,4;8,4;13,8;22,2;16,7;18,5;27,5;0,35;0,87;0,70;0,70;0,70;1,16;1,86;1,40;1,55;2,31;
1009000;"Powiat pajęczański";13,1;10,5;10,5;27,2;30,0;36,7;36,8;49,3;67,4;67,4;2,48;1,99;2,00;5,20;5,77;7,06;7,10;9,55;13,16;13,23;
1010000;"Powiat piotrkowski";0,0;1,0;9,1;17,4;17,4;8,9;8,9;12,2;13,1;13,1;0,00;0,11;0,99;1,90;1,91;0,97;0,97;1,34;1,43;1,44;
1011000;"Powiat poddębicki";2,4;10,4;23,8;17,1;17,1;18,5;20,2;20,2;20,2;20,2;0,57;2,48;5,68;4,09;4,10;4,46;4,88;4,90;4,91;4,94;
1012000;"Powiat radomszczański";3,4;3,8;9,0;9,0;10,0;10,8;11,4;11,4;13,0;13,3;0,29;0,33;0,77;0,78;0,87;0,94;1,00;1,01;1,15;1,19;
1013000;"Powiat rawski";0,0;0,0;1,9;1,9;1,9;1,9;5,6;6,8;15,4;18,6;0,00;0,00;0,38;0,38;0,39;0,39;1,14;1,39;3,17;3,84;
1014000;"Powiat sieradzki";1,7;5,7;13,0;13,0;20,1;23,6;24,9;24,9;29,6;38,9;0,14;0,47;1,08;1,09;1,69;1,98;2,10;2,11;2,52;3,33;
1015000;"Powiat skierniewicki";2,8;5,1;6,7;2,2;6,7;7,6;27,6;27,5;27,6;30,4;0,73;1,33;1,75;0,58;1,75;1,99;7,22;7,20;7,23;7,96;
1016000;"Powiat tomaszowski";0,0;10,5;30,1;30,1;33,1;34,7;41,1;48,2;51,0;65,4;0,00;0,87;2,51;2,52;2,79;2,93;3,49;4,11;4,38;5,65;
1017000;"Powiat wieluński";0,0;8,4;5,1;6,7;12,9;15,4;24,6;24,6;29,8;31,2;0,00;1,08;0,66;0,86;1,67;1,99;3,19;3,21;3,91;4,12;
1018000;"Powiat wieruszowski";1,0;11,2;14,7;14,7;14,7;14,7;14,9;18,9;18,9;24,5;0,24;2,65;3,48;3,48;3,48;3,48;3,53;4,48;4,49;5,84;
1019000;"Powiat zduńskowolski";29,6;31,9;34,9;43,9;43,6;45,0;46,1;38,4;65,3;67,6;4,35;4,68;5,14;6,48;6,46;6,69;6,88;5,75;9,84;10,23;
1020000;"Powiat zgierski";6,0;6,0;14,6;14,6;14,6;19,0;21,6;24,1;29,5;29,5;0,36;0,36;0,89;0,88;0,88;1,15;1,30;1,45;1,78;1,78;
1021000;"Powiat brzeziński";0,0;0,0;0,0;0,0;0,4;0,4;1,7;1,7;1,7;1,7;0,00;0,00;0,00;0,00;0,13;0,13;0,55;0,55;0,55;0,55;
1061000;"Powiat m.Łódź";72,8;76,4;88,0;116,0;125,0;150,0;155,0;158,3;166,0;177,0;1,00;1,06;1,24;1,64;1,78;2,15;2,25;2,31;2,44;2,63;
1062000;"Powiat m.Piotrków Trybunalski";9,6;19,7;20,9;20,9;21,6;21,6;23,7;23,7;23,7;29,0;1,25;2,58;2,75;2,76;2,87;2,89;3,19;3,22;3,24;4,01;
1063000;"Powiat m.Skierniewice";14,1;16,9;19,3;20,8;22,0;22,9;25,9;27,4;28,3;28,9;2,90;3,47;3,97;4,27;4,55;4,74;5,36;5,69;5,88;6,06;
1201000;"Powiat bocheński";1,7;3,3;3,3;4,0;4,9;9,4;11,7;12,9;13,2;28,5;0,16;0,32;0,31;0,38;0,46;0,89;1,10;1,21;1,24;2,66;
1202000;"Powiat brzeski";0,0;0,0;0,4;0,8;0,9;3,0;3,5;3,5;5,0;25,9;0,00;0,00;0,04;0,09;0,10;0,32;0,38;0,38;0,54;2,78;
1203000;"Powiat chrzanowski";2,0;2,8;2,8;2,8;5,8;8,6;9,4;11,7;11,7;12,9;0,16;0,22;0,22;0,22;0,46;0,68;0,75;0,93;0,94;1,04;
1204000;"Powiat dąbrowski";0,0;0,0;5,0;5,0;5,0;5,0;5,0;5,0;5,0;5,0;0,00;0,00;0,84;0,84;0,84;0,84;0,84;0,84;0,84;0,85;
1205000;"Powiat gorlicki";0,0;0,0;0,0;4,8;8,8;8,8;10,9;12,2;16,6;22,4;0,00;0,00;0,00;0,44;0,81;0,81;1,00;1,12;1,52;2,06;
1206000;"Powiat krakowski";0,0;0,7;0,7;0,7;0,7;1,0;2,2;7,4;14,1;25,1;0,00;0,03;0,03;0,03;0,03;0,04;0,08;0,27;0,50;0,89;
1207000;"Powiat limanowski";0,0;0,0;0,0;0,0;0,0;0,0;0,0;0,0;2,0;2,0;0,00;0,00;0,00;0,00;0,00;0,00;0,00;0,00;0,15;0,15;
1208000;"Powiat miechowski";0,0;0,5;0,5;0,5;0,5;0,5;0,5;8,3;14,3;14,3;0,00;0,10;0,10;0,10;0,10;0,10;0,10;1,69;2,93;2,95;
1209000;"Powiat myślenicki";1,1;1,1;4,5;4,5;4,6;4,6;4,5;4,5;8,0;12,5;0,09;0,09;0,36;0,36;0,37;0,37;0,36;0,35;0,63;0,98;
1210000;"Powiat nowosądecki";2,3;2,3;4,1;4,9;6,5;7,0;13,8;22,3;39,5;44,3;0,11;0,11;0,19;0,23;0,31;0,33;0,64;1,03;1,82;2,04;
1211000;"Powiat nowotarski";6,9;8,8;18,3;27,3;34,9;34,9;38,4;61,4;80,6;108,2;0,37;0,46;0,97;1,44;1,83;1,83;2,01;3,21;4,20;5,65;
1212000;"Powiat olkuski";0,0;0,0;0,0;0,0;1,6;1,6;1,6;1,6;2,2;4,4;0,00;0,00;0,00;0,00;0,14;0,14;0,14;0,14;0,20;0,40;
1213000;"Powiat oświęcimski";5,1;20,1;16,9;18,2;18,7;21,6;23,4;30,7;33,3;44,6;0,33;1,30;1,09;1,17;1,21;1,40;1,52;2,00;2,17;2,92;
1214000;"Powiat proszowicki";0,0;0,0;0,0;0,0;0,0;0,2;0,2;0,2;0,2;0,2;0,00;0,00;0,00;0,00;0,00;0,05;0,05;0,05;0,05;0,05;
1215000;"Powiat suski";1,6;1,6;1,6;3,5;3,5;5,5;4,4;4,8;4,8;4,8;0,19;0,19;0,19;0,42;0,42;0,65;0,52;0,57;0,57;0,57;
1216000;"Powiat tarnowski";1,1;3,1;5,2;15,3;20,6;23,7;44,6;37,6;40,5;43,6;0,06;0,16;0,26;0,76;1,03;1,18;2,22;1,87;2,01;2,17;
1217000;"Powiat tatrzański";1,3;1,4;1,4;1,4;1,4;1,6;2,6;8,2;8,2;8,2;0,19;0,21;0,21;0,21;0,21;0,24;0,38;1,20;1,20;1,21;
1218000;"Powiat wadowicki";0,0;1,4;1,8;1,8;1,8;1,8;1,8;2,3;2,9;7,9;0,00;0,09;0,11;0,11;0,11;0,11;0,11;0,14;0,18;0,49;
1219000;"Powiat wielicki";5,0;7,0;7,0;7,0;7,0;7,0;9,4;8,1;11,9;11,9;0,43;0,60;0,59;0,58;0,58;0,57;0,75;0,64;0,92;0,91;
1261000;"Powiat m.Kraków";108,0;134,8;145,0;154,0;166,0;185,3;220,5;213,7;235,9;252,8;1,42;1,78;1,91;2,02;2,18;2,42;2,87;2,77;3,03;3,24;
1262000;"Powiat m.Nowy Sącz";6,4;7,0;8,0;8,3;12,6;13,4;20,6;15,6;16,8;16,9;0,76;0,83;0,95;0,99;1,50;1,60;2,45;1,86;2,00;2,02;
1263000;"Powiat m.Tarnów";50,8;53,3;53,3;55,0;64,8;64,8;67,0;69,8;70,0;75,7;4,47;4,72;4,75;4,94;5,86;5,89;6,11;6,40;6,45;7,04;
1401000;"Powiat białobrzeski";4,6;4,6;7,4;7,4;7,4;10,0;7,0;7,0;10,6;10,6;1,36;1,36;2,20;2,20;2,20;2,98;2,09;2,09;3,17;3,18;
1402000;"Powiat ciechanowski";7,1;7,1;7,1;10,5;26,8;29,6;32,5;39,5;54,1;56,9;0,78;0,78;0,78;1,16;2,97;3,28;3,61;4,41;6,05;6,40;
1403000;"Powiat garwoliński";7,0;7,0;7,0;7,0;7,0;7,5;7,6;8,2;8,2;8,1;0,64;0,64;0,64;0,64;0,64;0,69;0,70;0,75;0,75;0,75;
1404000;"Powiat gostyniński";11,1;11,1;14,1;14,1;14,1;16,3;16,3;15,7;16,8;16,8;2,37;2,38;3,03;3,05;3,07;3,57;3,59;3,47;3,74;3,77;
1405000;"Powiat grodziski";5,8;5,7;6,0;15,8;14,3;15,8;17,0;22,9;27,2;36,4;0,67;0,65;0,68;1,76;1,58;1,72;1,83;2,43;2,83;3,73;
1406000;"Powiat grójecki";3,1;4,7;9,2;11,2;22,9;23,8;30,0;20,7;21,3;22,6;0,31;0,48;0,93;1,14;2,32;2,41;3,04;2,10;2,17;2,31;
1407000;"Powiat kozienicki";4,8;4,8;5,9;6,7;14,0;7,6;13,7;16,3;22,2;25,8;0,77;0,77;0,95;1,09;2,28;1,24;2,26;2,70;3,70;4,33;
1408000;"Powiat legionowski";15,3;16,7;31,9;37,1;29,0;27,8;36,5;61,8;80,0;95,5;1,41;1,52;2,87;3,31;2,56;2,43;3,16;5,29;6,75;7,97;
1409000;"Powiat lipski";0,0;0,0;0,0;1,4;1,4;1,4;2,4;4,1;2,9;2,9;0,00;0,00;0,00;0,40;0,40;0,40;0,70;1,20;0,86;0,86;
1410000;"Powiat łosicki";0,0;0,0;1,5;1,5;1,5;1,5;4,2;4,5;4,5;4,5;0,00;0,00;0,47;0,47;0,47;0,48;1,34;1,45;1,46;1,47;
1411000;"Powiat makowski";0,0;1,8;1,8;1,8;1,8;1,8;1,8;1,8;2,2;2,4;0,00;0,38;0,39;0,39;0,39;0,39;0,39;0,40;0,49;0,54;
1412000;"Powiat miński";9,4;10,4;8,9;12,8;14,0;14,0;16,1;19,7;37,3;39,9;0,63;0,70;0,59;0,85;0,92;0,92;1,05;1,28;2,41;2,58;
1413000;"Powiat mławski";14,0;14,0;14,2;15,7;21,8;21,8;19,4;21,5;22,3;23,5;1,87;1,88;1,92;2,12;2,96;2,96;2,64;2,94;3,07;3,25;
1414000;"Powiat nowodworski";26,6;29,0;36,6;36,8;38,5;39,9;40,8;65,8;72,8;73,8;3,41;3,70;4,66;4,68;4,89;5,05;5,15;8,30;9,17;9,31;
1415000;"Powiat ostrołęcki";28,1;56,7;24,4;32,2;38,3;59,4;81,5;224,5;239,0;243,9;3,21;6,46;2,77;3,64;4,33;6,69;9,16;25,30;26,96;27,56;
1416000;"Powiat ostrowski";48,8;50,2;4,6;5,3;5,3;6,7;6,7;6,7;10,7;23,9;6,47;6,69;0,62;0,71;0,72;0,91;0,91;0,92;1,48;3,33;
1417000;"Powiat otwocki";16,2;25,3;29,4;30,6;35,7;44,7;51,0;71,8;80,8;79,1;1,34;2,07;2,40;2,49;2,90;3,62;4,12;5,79;6,50;6,36;
1418000;"Powiat piaseczyński";17,5;17,5;23,7;25,6;28,1;30,8;36,0;38,3;47,1;62,1;1,05;1,04;1,38;1,47;1,59;1,72;1,98;2,07;2,50;3,26;
1419000;"Powiat płocki";15,9;21,0;15,9;17,6;20,1;40,5;42,5;52,2;63,5;58,3;1,44;1,89;1,43;1,58;1,81;3,64;3,82;4,70;5,72;5,26;
1420000;"Powiat płoński";11,4;11,9;19,8;20,5;24,6;24,6;21,1;23,2;23,2;25,3;1,28;1,34;2,23;2,31;2,79;2,80;2,41;2,65;2,67;2,92;
1421000;"Powiat pruszkowski";11,8;14,6;25,5;32,7;38,3;40,0;43,1;90,0;111,3;131,2;0,76;0,93;1,61;2,05;2,38;2,47;2,65;5,48;6,71;7,87;
1422000;"Powiat przasnyski";7,0;14,2;24,8;51,1;52,9;52,9;57,6;57,6;66,3;68,5;1,30;2,64;4,63;9,56;9,93;9,98;10,89;10,90;12,63;13,15;
1423000;"Powiat przysuski";1,7;1,7;1,7;1,7;8,1;8,1;8,1;4,4;4,4;4,4;0,39;0,39;0,40;0,40;1,90;1,91;1,92;1,05;1,06;1,07;
1424000;"Powiat pułtuski";0,0;0,0;1,1;1,1;1,1;1,1;1,1;1,1;5,6;6,8;0,00;0,00;0,21;0,21;0,21;0,21;0,21;0,21;1,08;1,31;
1425000;"Powiat radomski";14,8;15,4;2,6;5,4;7,0;10,0;9,0;9,1;29,5;32,5;0,99;1,02;0,17;0,36;0,46;0,66;0,59;0,60;1,94;2,14;
1426000;"Powiat siedlecki";6,1;13,4;9,0;9,0;10,1;10,7;13,9;25,8;25,9;26,6;0,75;1,64;1,10;1,10;1,24;1,31;1,71;3,17;3,18;3,27;
1427000;"Powiat sierpecki";0,8;0,8;1,1;1,1;1,3;3,4;4,0;4,0;6,2;7,5;0,15;0,15;0,21;0,21;0,25;0,64;0,76;0,77;1,19;1,46;
1428000;"Powiat sochaczewski";6,4;10,9;10,1;11,9;20,9;21,4;25,7;29,7;33,9;37,0;0,75;1,28;1,19;1,40;2,45;2,51;3,02;3,49;3,99;4,36;
1429000;"Powiat sokołowski";4,2;4,2;6,7;7,8;8,3;9,0;9,0;23,3;52,5;43,2;0,74;0,75;1,20;1,41;1,50;1,64;1,65;4,30;9,76;8,11;
1430000;"Powiat szydłowiecki";0,0;0,0;0,0;1,8;1,8;1,8;3,8;3,4;5,4;15,4;0,00;0,00;0,00;0,45;0,45;0,45;0,95;0,85;1,36;3,91;
1432000;"Powiat warszawski zachodni";20,1;24,3;4,3;26,3;28,8;30,9;38,5;43,1;65,5;83,1;1,86;2,22;0,39;2,35;2,55;2,71;3,33;3,68;5,52;6,92;
1433000;"Powiat węgrowski";9,8;9,8;2,8;20,4;20,4;20,4;21,4;22,1;22,1;24,1;1,44;1,44;0,41;3,03;3,04;3,05;3,22;3,34;3,36;3,68;
1434000;"Powiat wołomiński";26,2;21,2;30,3;35,2;41,9;49,8;57,5;81,9;109,7;114,0;1,18;0,94;1,32;1,52;1,78;2,09;2,38;3,34;4,40;4,52;
1435000;"Powiat wyszkowski";19,7;19,7;36,6;37,8;49,6;52,1;53,7;55,0;70,8;71,7;2,67;2,67;4,95;5,12;6,71;7,04;7,25;7,43;9,54;9,66;
1436000;"Powiat zwoleński";1,5;1,5;1,5;4,1;4,1;4,1;5,5;4,0;3,3;3,3;0,40;0,40;0,41;1,11;1,12;1,12;1,50;1,10;0,91;0,92;
1437000;"Powiat żuromiński";3,6;7,0;8,0;9,0;9,8;9,8;10,8;10,8;11,3;26,5;0,89;1,74;2,00;2,26;2,47;2,48;2,75;2,77;2,93;6,94;
1438000;"Powiat żyrardowski";6,6;7,0;12,0;16,3;19,9;21,7;24,8;34,4;37,3;44,7;0,86;0,91;1,57;2,13;2,61;2,85;3,26;4,54;4,92;5,93;
1461000;"Powiat m.Ostrołęka";16,1;16,1;16,4;17,0;17,0;17,0;18,0;20,7;22,5;29,3;3,01;3,02;3,10;3,23;3,23;3,25;3,45;3,96;4,32;5,67;
1462000;"Powiat m.Płock";12,4;12,8;26,4;31,2;38,6;39,7;45,5;60,0;62,1;64,0;1,00;1,04;2,15;2,55;3,17;3,27;3,77;5,00;5,20;5,41;
1463000;"Powiat m.Radom";23,4;36,2;35,6;35,6;41,2;47,5;51,9;61,2;67,3;101,2;1,06;1,65;1,63;1,64;1,91;2,21;2,42;2,87;3,18;4,84;
1464000;"Powiat m.Siedlce";25,1;26,8;27,1;27,7;34,2;35,3;36,4;37,8;37,8;42,4;3,28;3,51;3,55;3,62;4,44;4,58;4,69;4,85;4,83;5,45;
1465000;"Powiat m. st. Warszawa";291,8;318,3;359,6;412,5;457,2;496,2;537,7;590,0;644,7;676,1;1,71;1,86;2,09;2,38;2,62;2,83;3,05;3,32;3,60;3,77;
1601000;"Powiat brzeski";0,2;2,3;6,2;6,2;6,2;6,2;5,3;19,2;19,5;22,0;0,02;0,25;0,67;0,68;0,68;0,68;0,59;2,13;2,17;2,46;
1602000;"Powiat głubczycki";0,0;0,0;2,1;2,1;2,1;2,1;2,1;3,1;5,6;7,6;0,00;0,00;0,44;0,44;0,45;0,45;0,45;0,68;1,23;1,69;
1603000;"Powiat kędzierzyńsko-kozielski";17,8;17,8;21,8;21,4;36,0;39,8;29,6;40,6;47,2;58,3;1,81;1,82;2,24;2,21;3,74;4,16;3,11;4,30;5,03;6,27;
1604000;"Powiat kluczborski";0,8;4,0;4,0;0,5;5,2;5,2;5,2;12,1;21,2;24,6;0,12;0,59;0,59;0,07;0,78;0,78;0,79;1,84;3,24;3,78;
1605000;"Powiat krapkowicki";50,0;51,0;13,9;19,9;22,6;21,7;24,7;27,7;27,3;29,6;7,61;7,80;2,13;3,07;3,50;3,37;3,85;4,33;4,28;4,68;
1606000;"Powiat namysłowski";3,2;3,2;4,6;5,1;5,6;5,6;5,7;22,1;32,0;34,0;0,74;0,74;1,07;1,19;1,31;1,31;1,34;5,18;7,51;7,99;
1607000;"Powiat nyski";46,0;67,9;83,7;86,0;60,5;61,5;62,9;65,6;68,5;72,1;3,24;4,80;5,95;6,14;4,35;4,44;4,56;4,79;5,04;5,35;
1608000;"Powiat oleski";3,7;2,6;5,5;5,5;16,5;18,0;23,9;28,6;56,6;57,1;0,56;0,39;0,84;0,84;2,53;2,76;3,69;4,43;8,80;8,95;
1609000;"Powiat opolski";38,4;25,8;24,7;25,7;32,3;32,3;49,4;49,6;68,1;70,4;2,88;1,94;1,85;1,93;2,43;2,43;4,00;4,02;5,50;5,70;
1610000;"Powiat prudnicki";3,6;13,0;18,1;19,9;20,3;20,3;20,3;27,0;33,6;38,0;0,63;2,27;3,19;3,52;3,61;3,63;3,64;4,86;6,08;6,94;
1611000;"Powiat strzelecki";59,7;75,5;29,4;30,7;32,2;25,0;26,2;32,5;37,9;39,2;7,78;9,86;3,86;4,05;4,27;3,32;3,50;4,35;5,10;5,30;
1661000;"Powiat m.Opole";28,1;32,9;37,4;59,2;66,8;72,5;75,2;90,1;93,5;103,9;2,30;2,71;3,11;4,95;5,62;6,11;5,87;7,03;7,30;8,13;
1801000;"Powiat bieszczadzki";0,0;0,0;0,0;0,0;0,0;0,0;0,0;0,0;0,0;0,0;0,00;0,00;0,00;0,00;0,0;0,0;0,0;0,0;0,0;0,0;
1802000;"Powiat brzozowski";0,0;0,0;0,0;0,0;8,0;8,0;8,0;8,0;8,0;8,0;0,00;0,00;0,00;0,00;1,21;1,21;1,21;1,22;1,22;1,22;
1803000;"Powiat dębicki";9,6;41,3;13,0;13,0;19,4;19,7;16,1;20,3;23,3;29,8;0,71;3,05;0,96;0,96;1,43;1,46;1,19;1,50;1,72;2,21;
1804000;"Powiat jarosławski";0,0;0,0;12,8;18,8;18,8;18,8;18,8;14,1;14,1;14,1;0,00;0,00;1,05;1,54;1,55;1,55;1,55;1,17;1,17;1,18;
1805000;"Powiat jasielski";0,0;0,0;0,0;0,1;0,1;0,1;0,1;0,1;0,3;1,8;0,00;0,00;0,00;0,01;0,01;0,01;0,01;0,01;0,03;0,16;
1806000;"Powiat kolbuszowski";0,0;58,4;1,5;2,3;3,2;3,2;8,0;8,0;11,4;11,4;0,00;9,31;0,24;0,37;0,51;0,51;1,28;1,28;1,83;1,84;
1807000;"Powiat krośnieński";0,0;0,0;0,0;0,0;0,0;0,0;0,0;0,4;0,4;0,4;0,00;0,00;0,00;0,00;0,00;0,00;0,00;0,04;0,04;0,04;
1808000;"Powiat leżajski";1,2;3,2;3,2;3,2;15,2;18,2;18,2;20,4;20,4;20,4;0,17;0,46;0,46;0,46;2,18;2,61;2,61;2,93;2,94;2,96;
1809000;"Powiat lubaczowski";0,0;6,7;11,2;28,2;30,5;30,5;30,5;28,5;26,4;31,9;0,00;1,17;1,96;4,96;5,39;5,41;5,44;5,12;4,78;5,83;
1810000;"Powiat łańcucki";0,0;0,0;0,0;0,0;0,0;5,5;5,5;5,5;5,5;5,8;0,00;0,00;0,00;0,00;0,00;0,68;0,68;0,68;0,68;0,71;
1811000;"Powiat mielecki";23,7;25,0;48,9;59,3;49,1;49,1;80,8;80,8;76,1;76,1;1,74;1,83;3,58;4,35;3,60;3,60;5,91;5,91;5,57;5,58;
1812000;"Powiat niżański";0,2;1,7;1,7;2,3;47,4;47,4;57,2;58,0;60,2;58,6;0,03;0,25;0,25;0,34;7,06;7,08;8,55;8,68;9,04;8,85;
1813000;"Powiat przemyski";1,4;1,4;1,4;1,4;86,6;3,6;4,1;4,3;4,5;4,7;0,19;0,19;0,19;0,19;11,65;0,48;0,55;0,58;0,61;0,64;
1814000;"Powiat przeworski";0,0;0,0;0,0;0,0;0,0;0,0;0,0;0,0;2,2;3,1;0,00;0,00;0,00;0,00;0,00;0,00;0,00;0,00;0,28;0,40;
1815000;"Powiat ropczycko-sędziszowski";0,9;2,0;4,7;5,1;5,8;5,8;6,0;7,1;7,4;7,9;0,12;0,27;0,64;0,69;0,79;0,78;0,81;0,95;0,99;1,06;
1816000;"Powiat rzeszowski";4,6;4,6;4,6;4,6;20,6;20,6;21,3;28,4;38,8;39,6;0,28;0,28;0,28;0,28;1,23;1,22;1,26;1,67;2,29;2,32;
1817000;"Powiat sanocki";0,0;0,0;0,0;0,0;0,0;0,0;0,0;0,0;0,0;5,2;0,00;0,00;0,00;0,00;0,00;0,00;0,00;0,00;0,00;0,55;
1818000;"Powiat stalowowolski";23,2;33,3;35,4;53,7;73,3;75,1;83,0;91,1;94,5;95,3;2,12;3,05;3,26;4,96;6,79;6,98;7,75;8,54;8,91;9,04;
1819000;"Powiat strzyżowski";0,0;0,0;0,0;0,0;0,7;1,6;1,6;1,6;1,8;3,0;0,00;0,00;0,00;0,00;0,11;0,26;0,26;0,26;0,29;0,49;
1820000;"Powiat tarnobrzeski";0,0;0,0;0,0;0,0;0,7;1,3;2,3;4,0;5,9;6,5;0,00;0,00;0,00;0,00;0,13;0,24;0,43;0,75;1,11;1,23;
1821000;"Powiat leski";25,0;25,0;4,3;4,5;4,5;4,5;0,2;0,2;0,2;0,2;9,28;9,32;1,61;1,68;1,68;1,69;0,08;0,08;0,08;0,08;
1861000;"Powiat m.Krosno";13,5;13,6;13,6;13,6;16,2;17,6;17,6;21,2;21,6;22,5;2,85;2,87;2,88;2,90;3,46;3,78;3,78;4,56;4,67;4,90;
1862000;"Powiat m.Przemyśl";7,3;11,0;19,3;19,3;37,2;38,0;38,0;33,6;35,1;35,1;1,13;1,71;3,03;3,04;5,93;6,11;6,15;5,49;5,78;5,87;
1863000;"Powiat m.Rzeszów";65,9;82,0;95,5;120,0;120,0;144,0;151,0;156,2;162,4;166,0;3,66;4,50;5,22;6,48;6,46;7,68;7,96;8,15;8,28;8,44;
1864000;"Powiat m.Tarnobrzeg";10,0;10,0;10,0;19,9;19,9;20,5;22,8;24,1;24,1;28,1;2,06;2,06;2,07;4,15;4,16;4,31;4,81;5,12;5,16;6,06;
2001000;"Powiat augustowski";18,0;18,0;12,6;20,9;59,0;62,2;80,3;86,6;54,8;57,1;3,00;3,01;2,12;3,52;9,98;10,56;13,69;14,84;9,44;9,90;
2002000;"Powiat białostocki";19,4;30,4;29,3;39,7;59,2;54,4;60,7;77,6;99,2;136,2;1,35;2,11;2,02;2,73;4,07;3,72;4,13;5,24;6,63;9,03;
2003000;"Powiat bielski";8,8;13,1;14,6;27,6;29,0;29,0;29,0;29,9;29,9;32,6;1,50;2,26;2,53;4,83;5,13;5,17;5,23;5,45;5,50;6,07;
2004000;"Powiat grajewski";4,3;4,3;1,3;1,3;4,6;5,3;6,5;8,2;8,3;8,3;0,87;0,87;0,27;0,27;0,95;1,10;1,36;1,73;1,76;1,77;
2005000;"Powiat hajnowski";4,5;11,6;10,8;28,6;29,0;29,7;32,1;33,2;35,3;36,8;0,97;2,52;2,38;6,36;6,51;6,73;7,34;7,70;8,28;8,76;
2006000;"Powiat kolneński";1,8;2,2;4,0;4,2;4,0;4,0;4,3;4,3;5,8;5,8;0,45;0,55;1,01;1,07;1,02;1,03;1,11;1,12;1,52;1,53;
2007000;"Powiat łomżyński";0,0;0,0;0,0;1,9;1,9;4,1;4,1;10,8;12,6;21,2;0,00;0,00;0,00;0,37;0,37;0,80;0,80;2,12;2,47;4,17;
2008000;"Powiat moniecki";0,0;0,0;0,0;0,0;0,0;0,0;0,0;8,6;8,6;8,6;0,00;0,00;0,00;0,00;0,00;0,00;0,00;2,11;2,13;2,15;
2009000;"Powiat sejneński";0,0;0,0;0,0;10,3;16,1;16,1;16,1;16,1;16,1;16,1;0,00;0,00;0,00;4,96;7,81;7,89;7,94;8,01;8,08;8,18;
2010000;"Powiat siemiatycki";1,3;2,7;1,6;4,0;20,1;20,6;21,3;24,7;25,1;34,3;0,27;0,57;0,34;0,86;4,36;4,52;4,71;5,53;5,68;7,86;
2011000;"Powiat sokólski";0,3;0,3;0,7;2,8;2,8;2,8;6,5;6,5;8,4;12,1;0,04;0,04;0,10;0,40;0,40;0,41;0,95;0,96;1,26;1,84;
2012000;"Powiat suwalski";0,7;0,7;0,0;6,4;17,0;17,0;17,4;23,1;23,5;29,0;0,19;0,19;0,00;1,78;4,73;4,73;4,84;6,45;6,59;8,15;
2013000;"Powiat wysokomazowiecki";0,0;0,0;1,2;3,6;4,6;7,5;12,0;13,1;16,7;28,0;0,00;0,00;0,20;0,62;0,79;1,30;2,09;2,29;2,94;4,96;
2014000;"Powiat zambrowski";2,6;2,6;3,4;7,3;14,2;14,2;14,2;17,8;13,9;15,2;0,58;0,58;0,76;1,64;3,21;3,22;3,23;4,06;3,20;3,52;
2061000;"Powiat m.Białystok";66,2;75,2;91,8;106,0;110,0;112,0;117,7;128,4;149,1;158,9;2,25;2,55;3,11;3,59;3,72;3,78;3,96;4,32;5,01;5,35;
2062000;"Powiat m.Łomża";12,1;19,7;14,8;20,7;24,4;25,1;32,4;34,2;35,0;36,4;1,92;3,14;2,36;3,30;3,89;4,00;5,14;5,43;5,56;5,82;
2063000;"Powiat m.Suwałki";39,9;44,4;38,7;41,6;57,9;61,1;62,8;53,7;87,4;95,3;5,77;6,40;5,58;6,00;8,35;8,78;9,03;7,69;12,53;13,68;
2201000;"Powiat bytowski";24,0;24,1;33,3;38,1;38,1;38,7;42,7;44,6;49,3;50,4;3,07;3,08;4,25;4,85;4,84;4,91;5,40;5,62;6,22;6,37;
2202000;"Powiat chojnicki";18,7;28,9;44,8;130,7;136,0;144,9;152,1;164,0;177,1;196,0;1,95;3,01;4,66;13,57;14,07;14,95;15,64;16,81;18,14;20,07;
2203000;"Powiat człuchowski";30,1;33,8;27,3;27,3;27,5;30,1;32,5;44,1;46,2;47,6;5,24;5,89;4,77;4,79;4,83;5,30;5,73;7,82;8,24;8,53;
2204000;"Powiat gdański";25,5;28,5;45,6;54,0;57,8;63,9;62,4;67,2;91,7;90,0;2,53;2,76;4,33;5,03;5,28;5,72;5,47;5,78;7,74;7,48;
2205000;"Powiat kartuski";0,0;0,0;7,1;11,5;16,9;22,9;52,6;66,4;92,1;105,3;0,00;0,00;0,57;0,90;1,31;1,75;3,93;4,86;6,61;7,42;
2206000;"Powiat kościerski";21,9;23,2;16,5;18,3;18,9;18,3;24,6;28,3;35,5;35,5;3,10;3,27;2,32;2,56;2,64;2,55;3,40;3,90;4,88;4,87;
2207000;"Powiat kwidzyński";30,5;32,8;30,5;30,8;32,6;32,8;33,7;39,1;40,0;62,6;3,64;3,91;3,65;3,68;3,91;3,93;4,04;4,69;4,81;7,55;
2208000;"Powiat lęborski";15,7;18,5;21,8;24,9;30,6;32,2;34,5;38,9;54,9;54,9;2,37;2,80;3,30;3,76;4,62;4,87;5,20;5,87;8,30;8,31;
2209000;"Powiat malborski";11,3;29,6;28,9;29,8;38,6;39,4;45,7;57,8;57,8;58,3;1,74;4,58;4,49;4,64;6,00;6,16;7,15;9,07;9,11;9,22;
2210000;"Powiat nowodworski";2,2;2,9;2,9;5,4;5,4;5,4;6,5;9,5;14,7;19,2;0,60;0,80;0,80;1,49;1,49;1,50;1,81;2,66;4,13;5,42;
2211000;"Powiat pucki";41,2;61,7;94,4;115,4;115,4;115,4;126,9;113,5;109,8;116,4;5,14;7,64;11,57;14,00;13,89;13,78;14,98;13,24;12,67;13,29;
2212000;"Powiat słupski";32,8;32,8;42,8;51,9;54,5;65,2;69,3;71,7;71,7;87,3;3,38;3,37;4,39;5,31;5,55;6,62;7,02;7,26;7,27;8,83;
2213000;"Powiat starogardzki";22,6;26,3;24,9;31,5;34,6;36,3;49,7;52,8;60,2;67,3;1,78;2,07;1,96;2,47;2,72;2,85;3,89;4,12;4,70;5,25;
2214000;"Powiat tczewski";12,6;13,6;26,2;26,3;28,3;32,2;35,8;37,5;40,4;43,3;1,09;1,17;2,26;2,27;2,45;2,78;3,09;3,24;3,49;3,76;
2215000;"Powiat wejherowski";25,0;29,6;51,5;71,3;73,9;74,6;70,4;69,5;49,9;73,3;1,24;1,45;2,50;3,43;3,53;3,53;3,29;3,22;2,29;3,34;
2216000;"Powiat sztumski";11,5;11,5;50,7;58,7;58,7;60,4;27,1;27,9;27,9;29,5;2,69;2,70;11,93;13,82;13,85;14,30;6,46;6,71;6,76;7,18;
2261000;"Powiat m.Gdańsk";90,0;122,5;147,8;159,8;167,1;173,5;174,5;182,3;196,0;203,0;1,95;2,66;3,20;3,46;3,61;3,74;3,76;3,91;4,16;4,31;
2262000;"Powiat m.Gdynia";38,0;37,8;45,5;53,1;56,6;58,5;59,2;62,1;65,1;68,4;1,53;1,52;1,83;2,14;2,29;2,37;2,40;2,52;2,64;2,79;
2263000;"Powiat m.Słupsk";27,2;28,5;30,4;30,4;38,7;38,7;41,4;45,0;45,0;48,7;2,85;3,00;3,24;3,26;4,18;4,21;4,53;4,94;4,96;5,42;
2264000;"Powiat m.Sopot";13,9;16,1;17,6;18,1;20,3;20,3;20,3;21,0;22,3;22,3;3,60;4,21;4,64;4,81;5,45;5,51;5,56;5,83;6,24;6,32;
2401000;"Powiat będziński";31,1;37,4;25,8;27,0;28,4;30,5;19,4;28,2;32,1;52,9;2,04;2,47;1,71;1,79;1,89;2,04;1,30;1,90;2,17;3,59;
2402000;"Powiat bielski";12,0;12,0;13,0;22,5;22,5;23,6;23,6;24,2;24,2;26,8;0,76;0,75;0,81;1,39;1,39;1,45;1,44;1,47;1,46;1,61;
2403000;"Powiat cieszyński";28,9;29,5;11,3;18,5;20,7;23,2;23,2;27,4;28,7;30,8;1,64;1,67;0,64;1,04;1,17;1,30;1,30;1,54;1,61;1,73;
2404000;"Powiat częstochowski";15,1;16,2;23,2;29,0;34,2;33,2;34,6;37,6;42,6;45,1;1,11;1,20;1,71;2,14;2,52;2,45;2,56;2,79;3,17;3,36;
2405000;"Powiat gliwicki";0,8;11,2;8,3;9,0;10,2;11,0;11,8;13,5;13,6;17,1;0,07;0,97;0,72;0,78;0,89;0,95;1,02;1,17;1,18;1,48;
2406000;"Powiat kłobucki";2,9;3,4;3,6;3,6;3,6;3,7;3,7;5,9;5,9;7,8;0,34;0,40;0,42;0,42;0,42;0,43;0,43;0,69;0,70;0,92;
2407000;"Powiat lubliniecki";25,8;29,5;33,3;37,2;35,8;37,8;38,6;43,8;58,2;82,4;3,34;3,81;4,31;4,83;4,65;4,92;5,03;5,72;7,61;10,83;
2408000;"Powiat mikołowski";0,0;0,0;2,1;2,1;2,1;2,1;3,3;3,9;4,1;4,1;0,00;0,00;0,22;0,22;0,22;0,22;0,34;0,40;0,41;0,41;
2409000;"Powiat myszkowski";1,8;1,8;11,3;11,3;11,4;11,9;11,9;14,5;16,5;18,6;0,25;0,25;1,57;1,57;1,59;1,66;1,67;2,04;2,33;2,64;
2410000;"Powiat pszczyński";3,0;3,0;6,0;6,0;6,0;6,0;14,0;15,4;16,0;23,5;0,28;0,28;0,55;0,55;0,55;0,54;1,27;1,38;1,43;2,10;
2411000;"Powiat raciborski";8,3;8,3;18,7;40,8;41,5;46,8;47,6;34,3;53,9;54,6;0,75;0,76;1,71;3,73;3,80;4,29;4,37;3,16;4,98;5,08;
2412000;"Powiat rybnicki";1,5;1,5;1,5;1,5;1,5;1,5;0,0;0,0;2,7;2,7;0,20;0,20;0,20;0,19;0,19;0,19;0,00;0,00;0,35;0,35;
2413000;"Powiat tarnogórski";10,2;11,5;11,5;12,2;12,8;10,4;10,9;10,9;11,9;15,6;0,74;0,83;0,83;0,88;0,92;0,75;0,78;0,78;0,85;1,11;
2414000;"Powiat bieruńsko-lędziński";14,5;16,9;30,6;30,6;33,0;33,8;29,6;35,6;37,5;38,0;2,50;2,90;5,22;5,20;5,60;5,71;4,97;5,96;6,27;6,35;
2415000;"Powiat wodzisławski";13,0;13,0;14,5;14,5;14,5;14,5;14,5;14,5;17,5;18,1;0,82;0,82;0,92;0,92;0,92;0,92;0,92;0,92;1,11;1,16;
2416000;"Powiat zawierciański";21,3;21,3;22,1;30,6;31,9;33,1;33,9;39,5;43,5;40,5;1,74;1,74;1,82;2,53;2,65;2,76;2,85;3,34;3,70;3,47;
2417000;"Powiat żywiecki";1,4;1,4;1,4;1,4;1,6;1,6;3,0;3,6;3,6;13,1;0,09;0,09;0,09;0,09;0,10;0,10;0,20;0,23;0,24;0,86;
2461000;"Powiat m.Bielsko-Biała";17,1;18,3;23,8;26,0;26,0;33,0;33,0;33,7;33,9;34,5;0,98;1,05;1,37;1,50;1,51;1,92;1,92;1,97;1,99;2,03;
2462000;"Powiat m.Bytom";5,3;30,3;30,3;9,4;28,9;28,9;28,9;28,9;28,9;29,6;0,30;1,73;1,75;0,55;1,69;1,70;1,72;1,73;1,75;1,81;
2463000;"Powiat m.Chorzów";14,2;14,2;16,4;16,6;18,1;18,8;18,8;26,8;29,7;30,8;1,27;1,28;1,48;1,50;1,65;1,72;1,72;2,47;2,75;2,88;
2464000;"Powiat m.Częstochowa";35,7;35,7;44,8;51,0;65,0;67,1;69,0;75,7;78,2;85,0;1,51;1,52;1,93;2,22;2,85;2,97;3,08;3,41;3,55;3,91;
2465000;"Powiat m.Dąbrowa Górnicza";3,1;5,3;6,0;6,0;6,0;6,0;7,5;15,3;29,7;41,0;0,25;0,43;0,48;0,49;0,49;0,49;0,62;1,27;2,49;3,47;
2466000;"Powiat m.Gliwice";93,6;93,8;10,5;29,2;30,0;30,7;37,1;39,4;40,8;48,5;5,01;5,04;0,57;1,58;1,64;1,69;2,05;2,19;2,28;2,74;
2467000;"Powiat m.Jastrzębie-Zdrój";15,0;16,8;16,8;17,0;17,0;17,0;17,0;19,1;20,3;29,6;1,63;1,83;1,84;1,87;1,88;1,89;1,90;2,14;2,29;3,36;
2468000;"Powiat m.Jaworzno";8,4;8,4;12,1;15,2;17,4;20,9;24,1;29,7;29,7;29,7;0,89;0,89;1,29;1,63;1,87;2,26;2,62;3,24;3,26;3,29;
2469000;"Powiat m.Katowice";50,4;54,1;56,0;58,1;60,0;66,6;74,1;77,5;81,6;92,6;1,63;1,76;1,84;1,92;2,00;2,23;2,50;2,63;2,79;3,19;
2470000;"Powiat m.Mysłowice";0,9;0,9;0,9;0,9;0,9;0,9;0,9;0,9;2,3;2,3;0,12;0,12;0,12;0,12;0,12;0,12;0,12;0,12;0,31;0,31;
2471000;"Powiat m.Piekary Śląskie";0,0;2,7;2,7;2,7;3,1;3,1;4,4;4,4;8,2;9,5;0,00;0,47;0,47;0,48;0,55;0,55;0,79;0,80;1,49;1,74;
2472000;"Powiat m.Ruda Śląska";4,7;4,7;13,8;14,1;19,1;23,0;25,6;29,8;32,3;32,3;0,33;0,33;0,98;1,00;1,37;1,65;1,85;2,16;2,35;2,37;
2473000;"Powiat m.Rybnik";70,2;64,8;64,8;11,8;12,7;15,8;20,5;24,8;27,6;28,4;4,98;4,60;4,62;0,84;0,91;1,13;1,47;1,79;2,00;2,07;
2474000;"Powiat m.Siemianowice Śląskie";0,0;1,5;2,3;2,3;2,2;2,2;19,2;26,5;27,0;33,8;0,00;0,22;0,33;0,34;0,32;0,32;2,84;3,95;4,04;5,10;
2475000;"Powiat m.Sosnowiec";11,3;11,3;11,3;11,3;20,0;20,5;23,1;45,0;45,0;50,0;0,52;0,53;0,53;0,54;0,96;1,00;1,13;2,23;2,25;2,53;
2476000;"Powiat m.Świętochłowice";0,0;4,6;4,6;19,9;19,7;19,7;10,2;10,5;10,5;10,5;0,00;0,88;0,89;3,86;3,87;3,89;2,02;2,10;2,12;2,14;
2477000;"Powiat m.Tychy";28,0;28,0;31,0;42,3;45,3;46,0;48,3;50,0;65,4;67,0;2,17;2,17;2,41;3,29;3,53;3,58;3,77;3,91;5,13;5,28;
2478000;"Powiat m.Zabrze";9,5;10,4;10,4;15,8;20,1;23,6;23,6;23,6;24,7;25,6;0,53;0,58;0,58;0,89;1,14;1,35;1,35;1,36;1,43;1,50;
2479000;"Powiat m.Żory";1,0;1,0;1,3;1,3;2,1;15,2;15,2;19,3;19,3;22,5;0,16;0,16;0,21;0,21;0,34;2,45;2,44;3,09;3,09;3,58;
2601000;"Powiat buski";3,0;3,0;3,0;5,9;9,8;9,8;12,2;12,2;13,5;17,1;0,40;0,41;0,41;0,80;1,34;1,35;1,69;1,69;1,89;2,40;
2602000;"Powiat jędrzejowski";4,2;4,2;6,8;13,3;14,8;17,3;17,3;17,3;17,3;17,3;0,47;0,48;0,77;1,52;1,70;1,99;2,00;2,01;2,03;2,04;
2603000;"Powiat kazimierski";0,0;0,0;0,8;0,8;0,8;0,8;0,8;0,8;0,8;12,2;0,00;0,00;0,23;0,23;0,23;0,23;0,23;0,24;0,24;3,66;
2604000;"Powiat kielecki";23,8;23,8;37,4;37,4;36,5;36,5;36,8;48,4;74,1;90,6;1,15;1,15;1,80;1,80;1,75;1,75;1,75;2,30;3,51;4,29;
2605000;"Powiat konecki";3,1;3,1;16,5;16,5;23,2;24,9;25,6;25,6;26,4;38,4;0,37;0,37;1,98;1,99;2,82;3,04;3,15;3,17;3,31;4,86;
2606000;"Powiat opatowski";0,0;0,0;0,0;0,0;9,8;11,9;11,9;13,5;19,5;19,5;0,00;0,00;0,00;0,00;1,82;2,23;2,24;2,57;3,74;3,78;
2607000;"Powiat ostrowiecki";29,6;32,6;30,8;35,0;38,9;38,9;40,3;59,9;69,4;73,0;2,56;2,83;2,69;3,08;3,46;3,47;3,63;5,44;6,37;6,78;
2608000;"Powiat pińczowski";0,0;0,0;0,0;0,0;0,0;0,0;0,0;0,0;0,0;6,2;0,00;0,00;0,00;0,00;0,00;0,00;0,00;0,00;0,00;1,61;
2609000;"Powiat sandomierski";0,0;0,7;0,7;0,7;15,6;15,6;15,6;15,6;15,6;15,6;0,00;0,09;0,09;0,09;1,97;1,98;1,99;2,01;2,03;2,04;
2610000;"Powiat skarżyski";3,5;3,5;3,5;3,5;3,5;3,5;3,5;3,5;3,5;3,5;0,44;0,45;0,45;0,45;0,45;0,46;0,46;0,47;0,47;0,48;
2611000;"Powiat starachowicki";4,7;4,7;4,7;4,7;4,7;4,7;9,8;11,3;12,0;13,8;0,50;0,50;0,50;0,51;0,51;0,51;1,08;1,25;1,34;1,56;
2612000;"Powiat staszowski";8,4;10,8;8,8;10,1;10,1;10,1;10,1;10,1;10,6;11,7;1,13;1,46;1,20;1,38;1,38;1,39;1,39;1,40;1,48;1,64;
2613000;"Powiat włoszczowski";0,5;0,5;5,9;5,9;7,2;7,2;6,7;6,7;7,9;10,0;0,11;0,11;1,27;1,28;1,57;1,58;1,47;1,48;1,75;2,23;
2661000;"Powiat m.Kielce";16,7;18,7;18,7;28,0;41,3;49,0;49,1;51,2;53,4;63,9;0,83;0,93;0,94;1,41;2,09;2,48;2,49;2,62;2,74;3,30;
2801000;"Powiat bartoszycki";0,9;3,9;3,2;3,2;21,6;21,6;21,6;15,6;16,1;16,2;0,15;0,64;0,53;0,53;3,64;3,67;3,70;2,69;2,81;2,86;
2802000;"Powiat braniewski";0,0;1,6;1,6;1,6;4,9;4,9;4,9;5,3;5,3;9,2;0,00;0,37;0,37;0,38;1,16;1,17;1,18;1,28;1,29;2,26;
2803000;"Powiat działdowski";1,2;1,6;4,8;9,4;14,1;15,2;16,5;17,8;19,2;25,3;0,18;0,24;0,72;1,42;2,13;2,30;2,51;2,72;2,95;3,91;
2804000;"Powiat elbląski";3,3;3,3;4,8;15,6;23,2;23,7;23,7;22,9;34,0;34,0;0,56;0,57;0,82;2,68;3,98;4,08;4,09;3,98;5,94;5,97;
2805000;"Powiat ełcki";10,1;11,0;11,0;12,6;15,7;17,0;20,5;21,8;23,0;25,7;1,14;1,23;1,23;1,40;1,74;1,88;2,25;2,39;2,51;2,81;
2806000;"Powiat giżycki";8,0;8,2;11,5;13,0;14,0;14,3;14,3;14,0;12,6;13,4;1,39;1,42;2,00;2,26;2,44;2,50;2,51;2,47;2,23;2,38;
2807000;"Powiat iławski";26,5;26,5;40,5;54,5;52,6;53,5;53,5;57,6;62,3;66,9;2,85;2,84;4,35;5,86;5,67;5,77;5,76;6,19;6,71;7,22;
2808000;"Powiat kętrzyński";3,6;3,6;5,7;24,5;41,0;43,4;43,4;42,9;40,4;40,8;0,54;0,54;0,87;3,77;6,36;6,78;6,84;6,82;6,49;6,60;
2809000;"Powiat lidzbarski";5,0;12,5;21,0;27,6;41,1;51,7;29,2;24,4;23,8;25,3;1,16;2,91;4,93;6,49;9,72;12,30;6,98;5,88;5,78;6,19;
2810000;"Powiat mrągowski";7,5;7,7;10,1;10,5;10,5;13,0;14,3;14,3;15,3;15,3;1,46;1,50;1,98;2,06;2,07;2,57;2,84;2,86;3,07;3,09;
2811000;"Powiat nidzicki";12,0;12,0;8,8;13,7;13,6;15,7;15,7;23,7;23,7;26,9;3,50;3,52;2,60;4,05;4,04;4,70;4,72;7,17;7,21;8,24;
2812000;"Powiat nowomiejski";1,5;1,5;5,3;8,3;13,8;13,8;14,2;21,5;28,0;29,5;0,34;0,34;1,20;1,87;3,11;3,12;3,22;4,89;6,39;6,75;
2813000;"Powiat olecki";2,8;2,8;4,1;5,0;5,1;5,1;5,1;7,0;7,0;7,0;0,80;0,80;1,18;1,44;1,47;1,47;1,47;2,03;2,05;2,06;
2814000;"Powiat olsztyński";8,4;8,4;15,3;11,2;11,2;11,2;12,2;22,1;37,6;52,2;0,70;0,69;1,25;0,91;0,91;0,90;0,97;1,75;2,97;4,09;
2815000;"Powiat ostródzki";1,5;4,0;8,9;9,4;8,9;8,9;8,9;13,7;32,6;30,6;0,14;0,37;0,83;0,88;0,84;0,84;0,85;1,31;3,13;2,96;
2816000;"Powiat piski";42,0;43,2;16,7;16,7;16,7;16,7;16,7;23,9;24,2;24,2;7,20;7,44;2,89;2,89;2,90;2,91;2,93;4,22;4,31;4,33;
2817000;"Powiat szczycieński";9,2;17,2;11,2;12,8;15,2;15,2;20,0;20,0;28,9;32,8;1,29;2,41;1,58;1,81;2,15;2,16;2,85;2,86;4,17;4,75;
2818000;"Powiat gołdapski";2,5;2,5;6,4;10,2;20,6;20,6;21,5;23,6;24,1;24,1;0,91;0,91;2,33;3,73;7,55;7,59;7,94;8,77;9,03;9,10;
2819000;"Powiat węgorzewski";0,0;3,6;3,6;21,9;24,6;24,6;24,6;30,7;30,7;30,7;0,00;1,51;1,52;9,28;10,49;10,57;10,66;13,42;13,56;13,68;
2861000;"Powiat m.Elbląg";35,3;35,9;36,1;38,0;40,9;41,9;44,1;44,1;44,4;46,2;2,84;2,90;2,94;3,11;3,36;3,46;3,65;3,67;3,72;3,90;
2862000;"Powiat m.Olsztyn";31,0;40,0;42,0;59,3;72,5;76,0;76,0;87,0;101,0;101,1;1,77;2,29;2,40;3,41;4,18;4,39;4,39;5,05;5,87;5,90;
3001000;"Powiat chodzieski";5,9;7,6;6,1;14,5;22,2;32,9;33,4;39,0;42,6;43,6;1,23;1,59;1,28;3,04;4,67;6,94;7,06;8,26;9,05;9,31;
3002000;"Powiat czarnkowsko-trzcianecki";21,5;22,8;30,1;29,6;36,6;37,5;39,9;43,4;45,9;51,9;2,44;2,59;3,42;3,36;4,16;4,27;4,56;4,96;5,28;5,99;
3003000;"Powiat gnieźnieński";26,4;27,9;40,0;45,1;53,5;26,8;18,7;57,6;65,6;74,3;1,83;1,93;2,76;3,11;3,69;1,85;1,29;3,96;4,51;5,12;
3004000;"Powiat gostyński";19,2;19,8;24,9;29,0;30,9;40,7;44,9;58,5;60,5;52,6;2,52;2,60;3,27;3,81;4,05;5,35;5,90;7,70;7,97;6,95;
3005000;"Powiat grodziski";14,7;17,5;41,3;35,4;38,2;41,2;61,4;70,5;72,2;61,8;2,90;3,44;8,10;6,91;7,43;8,01;11,88;13,57;13,91;11,90;
3006000;"Powiat jarociński";5,9;9,9;12,8;12,8;13,4;21,2;23,1;31,5;37,5;40,2;0,82;1,38;1,79;1,78;1,87;2,96;3,22;4,39;5,24;5,63;
3007000;"Powiat kaliski";0,0;0,0;1,5;1,8;3,3;3,3;12,8;18,6;29,3;33,5;0,00;0,00;0,18;0,22;0,40;0,40;1,54;2,24;3,53;4,04;
3008000;"Powiat kępiński";9,0;13,4;16,5;21,1;26,9;31,3;35,4;43,7;43,7;46,1;1,59;2,37;2,93;3,74;4,77;5,54;6,28;7,74;7,74;8,19;
3009000;"Powiat kolski";0,8;2,3;13,5;16,2;16,9;18,5;20,3;24,0;25,8;28,7;0,09;0,26;1,52;1,82;1,91;2,10;2,31;2,75;2,97;3,33;
3010000;"Powiat koniński";12,5;27,9;31,6;41,9;43,2;42,4;53,4;64,0;67,3;77,6;0,98;2,18;2,46;3,25;3,34;3,27;4,12;4,92;5,17;5,97;
3011000;"Powiat kościański";8,1;31,8;48,0;53,8;57,3;57,7;71,1;93,3;97,2;103,2;1,03;4,03;6,08;6,81;7,25;7,28;8,97;11,78;12,28;13,09;
3012000;"Powiat krotoszyński";4,9;1,5;12,8;12,8;16,6;16,6;19,3;22,1;24,5;28,3;0,63;0,19;1,64;1,64;2,14;2,13;2,48;2,85;3,17;3,68;
3013000;"Powiat leszczyński";28,7;37,9;40,4;52,7;58,5;62,6;66,1;91,2;102,5;115,3;5,41;7,09;7,48;9,68;10,68;11,30;11,83;16,15;17,92;19,91;
3014000;"Powiat międzychodzki";1,7;5,2;7,5;4,5;5,0;6,9;7,2;7,2;7,6;7,8;0,46;1,40;2,02;1,21;1,35;1,86;1,95;1,95;2,07;2,13;
3015000;"Powiat nowotomyski";25,1;32,0;32,4;40,5;45,2;50,5;55,7;63,8;67,2;70,9;3,40;4,32;4,36;5,43;6,05;6,74;7,41;8,47;8,90;9,38;
3016000;"Powiat obornicki";7,7;9,3;11,8;13,8;20,2;27,1;29,1;41,8;42,4;42,4;1,31;1,58;2,00;2,33;3,39;4,55;4,87;6,98;7,09;7,09;
3017000;"Powiat ostrowski";27,9;38,6;51,4;61,8;66,9;68,9;74,4;85,1;85,6;106,1;1,73;2,40;3,19;3,83;4,14;4,26;4,60;5,27;5,30;6,58;
3018000;"Powiat ostrzeszowski";6,4;6,4;17,4;21,3;23,0;23,0;22,9;24,8;29,1;30,4;1,15;1,16;3,14;3,84;4,15;4,15;4,13;4,48;5,24;5,50;
3019000;"Powiat pilski";43,7;45,9;43,7;46,2;47,0;48,3;49,1;74,8;79,8;88,6;3,15;3,32;3,16;3,35;3,42;3,52;3,58;5,48;5,86;6,54;
3020000;"Powiat pleszewski";17,9;24,0;10,0;15,9;17,9;20,6;26,4;35,0;43,7;53,7;2,83;3,79;1,58;2,51;2,83;3,26;4,18;5,54;6,93;8,56;
3021000;"Powiat poznański";105,0;106,1;131,2;137,6;151,5;147,9;117,3;156,0;181,2;205,6;3,11;3,08;3,72;3,83;4,14;3,96;3,07;4,00;4,54;5,06;
3022000;"Powiat rawicki";4,3;4,8;13,4;14,4;14,4;14,4;17,1;21,3;22,7;26,2;0,71;0,79;2,22;2,38;2,39;2,39;2,83;3,53;3,77;4,35;
3023000;"Powiat słupecki";4,4;5,9;8,7;9,6;11,1;11,1;12,3;10,2;10,3;14,4;0,74;0,99;1,46;1,61;1,86;1,86;2,06;1,72;1,74;2,44;
3024000;"Powiat szamotulski";28,1;22,1;41,6;42,7;46,1;46,9;58,4;58,5;61,9;72,8;3,16;2,47;4,64;4,75;5,11;5,19;6,42;6,42;6,75;7,94;
3025000;"Powiat średzki";6,0;6,7;8,1;12,2;13,4;16,9;21,1;21,1;22,9;24,5;1,06;1,18;1,42;2,13;2,33;2,93;3,63;3,61;3,89;4,14;
3026000;"Powiat śremski";10,3;10,3;18,4;28,5;23,5;23,7;23,0;25,7;21,8;21,7;1,70;1,69;3,03;4,69;3,86;3,88;3,76;4,19;3,55;3,53;
3027000;"Powiat turecki";13,6;13,9;13,1;17,8;17,8;16,0;22,1;23,0;24,7;28,8;1,60;1,64;1,55;2,11;2,11;1,90;2,62;2,73;2,94;3,45;
3028000;"Powiat wągrowiecki";12,8;12,8;17,3;20,0;20,4;32,9;38,6;41,8;45,9;47,5;1,84;1,83;2,48;2,86;2,92;4,70;5,50;5,95;6,54;6,78;
3029000;"Powiat wolsztyński";23,8;26,6;32,7;34,4;37,9;43,6;43,7;49,7;60,5;74,0;4,21;4,69;5,76;6,04;6,65;7,61;7,63;8,67;10,53;12,89;
3030000;"Powiat wrzesiński";4,1;7,7;8,2;8,2;14,5;16,0;7,8;9,7;10,6;12,8;0,54;1,01;1,07;1,07;1,88;2,08;1,01;1,25;1,36;1,64;
3031000;"Powiat złotowski";15,0;16,3;21,7;18,6;24,8;25,8;30,2;32,1;33,9;39,0;2,13;2,32;3,10;2,66;3,55;3,69;4,33;4,61;4,88;5,64;
3061000;"Powiat m.Kalisz";24,2;25,4;27,8;37,2;37,7;38,5;43,8;51,3;55,0;55,0;2,30;2,43;2,67;3,60;3,67;3,77;4,31;5,08;5,49;5,55;
3062000;"Powiat m.Konin";19,7;25,8;33,8;33,8;33,4;33,4;38,3;38,3;38,3;48,5;2,52;3,31;4,38;4,42;4,40;4,43;5,12;5,17;5,21;6,69;
3063000;"Powiat m.Leszno";30,0;32,7;33,1;40,6;43,7;47,9;50,9;53,3;55,6;59,4;4,64;5,05;5,12;6,28;6,77;7,47;7,93;8,33;8,76;9,45;
3064000;"Powiat m.Poznań";105,0;120,7;129,0;133,9;136,0;157,0;175,0;242,5;248,5;276,0;1,90;2,19;2,35;2,45;2,51;2,91;3,25;4,52;4,65;5,19;
3201000;"Powiat białogardzki";0,0;2,8;18,3;19,9;21,7;21,7;21,1;22,3;22,3;25,8;0,00;0,57;3,74;4,09;4,48;4,50;4,39;4,66;4,69;5,45;
3202000;"Powiat choszczeński";3,6;3,6;4,4;4,4;4,4;4,4;4,4;4,7;7,0;22,7;0,72;0,72;0,88;0,89;0,89;0,89;0,90;0,97;1,45;4,73;
3203000;"Powiat drawski";0,7;1,0;1,0;1,5;2,7;3,3;4,2;4,1;4,3;5,5;0,12;0,17;0,17;0,26;0,47;0,57;0,73;0,71;0,75;0,97;
3204000;"Powiat goleniowski";4,5;4,5;7,0;10,9;11,9;30,5;38,0;39,3;42,9;46,7;0,55;0,55;0,85;1,32;1,44;3,70;4,60;4,76;5,20;5,67;
3205000;"Powiat gryficki";5,7;23,8;22,0;20,5;20,5;26,6;28,5;37,0;36,7;38,3;0,92;3,85;3,57;3,33;3,34;4,35;4,68;6,10;6,09;6,40;
3206000;"Powiat gryfiński";2,0;17,8;7,7;10,7;10,8;20,8;29,4;27,8;37,8;51,9;0,24;2,12;0,92;1,28;1,29;2,50;3,54;3,37;4,62;6,38;
3207000;"Powiat kamieński";48,3;35,6;41,5;40,8;53,2;54,0;42,1;43,4;41,6;49,0;9,98;7,40;8,66;8,54;11,20;11,42;8,90;9,19;8,85;10,49;
3208000;"Powiat kołobrzeski";23,0;53,4;45,1;52,9;58,3;58,8;51,9;65,2;61,4;68,8;2,89;6,71;5,66;6,65;7,33;7,40;6,52;8,20;7,73;8,68;
3209000;"Powiat koszaliński";32,5;34,5;25,2;44,9;46,5;46,5;46,5;60,4;66,0;67,7;4,95;5,24;3,82;6,81;7,06;7,04;7,02;9,10;9,93;10,18;
3210000;"Powiat myśliborski";0,8;10,5;12,0;12,9;12,9;14,2;14,2;25,9;30,1;30,3;0,12;1,55;1,77;1,91;1,92;2,12;2,13;3,91;4,59;4,63;
3211000;"Powiat policki";12,8;23,1;49,2;56,7;64,5;64,7;66,6;68,8;74,6;90,2;1,77;3,15;6,61;7,52;8,46;8,38;8,50;8,66;9,25;11,06;
3212000;"Powiat pyrzycki";5,7;5,7;5,7;14,5;12,7;12,7;12,7;12,7;12,9;12,9;1,40;1,40;1,41;3,58;3,16;3,17;3,19;3,20;3,28;3,29;
3213000;"Powiat sławieński";6,6;9,2;17,2;24,9;30,3;30,3;38,0;45,0;46,7;51,5;1,14;1,59;2,97;4,33;5,30;5,31;6,69;7,98;8,32;9,23;
3214000;"Powiat stargardzki";58,8;41,8;45,3;51,7;52,9;54,1;54,9;58,3;62,2;80,2;4,86;3,46;3,75;4,29;4,39;4,50;4,57;4,85;5,18;6,68;
3215000;"Powiat szczecinecki";19,3;19,3;26,3;26,9;26,9;26,9;26,9;31,9;33,1;38,9;2,43;2,43;3,32;3,41;3,42;3,43;3,44;4,09;4,26;5,04;
3216000;"Powiat świdwiński";29,1;29,1;31,8;32,7;32,7;32,7;31,8;31,9;31,9;36,9;5,92;5,95;6,55;6,76;6,81;6,85;6,67;6,75;6,83;7,95;
3217000;"Powiat wałecki";2,8;9,1;9,7;12,4;12,4;13,6;15,8;18,0;19,0;18,0;0,51;1,66;1,78;2,28;2,29;2,52;2,94;3,37;3,58;3,42;
3218000;"Powiat łobeski";0,0;0,0;1,0;0,9;1,0;1,0;1,6;1,6;1,6;1,6;0,00;0,00;0,26;0,24;0,27;0,27;0,43;0,43;0,44;0,44;
3261000;"Powiat m.Koszalin";32,7;35,3;44,2;46,2;63,2;64,3;71,5;77,2;87,7;88,1;2,99;3,23;4,05;4,25;5,85;5,97;6,64;7,19;8,19;8,29;
3262000;"Powiat m.Szczecin";83,6;87,0;98,5;110,0;114,7;120,1;122,3;137,3;139,3;148,6;2,04;2,13;2,41;2,70;2,83;2,97;3,03;3,41;3,47;3,73;
3263000;"Powiat m.Świnoujście";21,2;22,3;22,5;23,9;24,2;31,6;32,9;35,1;37,7;42,7;5,11;5,37;5,44;5,79;5,88;7,69;8,02;8,58;9,22;10,43;
